{
  "base_vit_cifar10": {
    "clean": {
      "overall_acc": 0.9411,
      "forget_acc": 0.942,
      "retain_acc": 0.941,
      "forget_samples": 1000,
      "retain_samples": 9000,
      "total_samples": 10000,
      "attack_type": "clean",
      "mean_confidence": 0.9842717051506042,
      "correct_confidence": 0.9914302229881287,
      "incorrect_confidence": 0.8698912858963013,
      "forget_confidence": 0.9823877215385437,
      "forget_correct_confidence": 0.991695761680603,
      "mean_entropy": 0.0398278534412384,
      "max_entropy": 1.4373867511749268,
      "min_entropy": 7.460574719857574e-14
    }
  },
  "unlearn_sga_vit_cifar10_forget0_smoke": {
    "clean": {
      "overall_acc": 0.8468,
      "forget_acc": 0.0,
      "retain_acc": 0.9408888888888889,
      "forget_samples": 1000,
      "retain_samples": 9000,
      "total_samples": 10000,
      "attack_type": "clean",
      "mean_confidence": 0.962455153465271,
      "correct_confidence": 0.9847923517227173,
      "incorrect_confidence": 0.8389886021614075,
      "forget_confidence": 0.8692828416824341,
      "forget_correct_confidence": 0.0,
      "mean_entropy": 0.10350772738456726,
      "max_entropy": 1.801908016204834,
      "min_entropy": 1.3259332867776585e-11
    }
  },
  "unlearn_kl_gu_vit_cifar10_forget0_smoke": {
    "clean": {
      "overall_acc": 0.8633,
      "forget_acc": 0.127,
      "retain_acc": 0.9451111111111111,
      "forget_samples": 1000,
      "retain_samples": 9000,
      "total_samples": 10000,
      "attack_type": "clean",
      "mean_confidence": 0.9337857365608215,
      "correct_confidence": 0.9768580794334412,
      "incorrect_confidence": 0.6617706418037415,
      "forget_confidence": 0.5834760069847107,
      "forget_correct_confidence": 0.5380971431732178,
      "mean_entropy": 0.1869935393333435,
      "max_entropy": 2.1574785709381104,
      "min_entropy": 6.193818027910858e-12
    }
  },
  "unlearn_ce_gs_vit_cifar10_forget0_smoke": {
    "clean": {
      "overall_acc": 0.8463,
      "forget_acc": 0.0,
      "retain_acc": 0.9403333333333334,
      "forget_samples": 1000,
      "retain_samples": 9000,
      "total_samples": 10000,
      "attack_type": "clean",
      "mean_confidence": 0.9655085206031799,
      "correct_confidence": 0.9879758954048157,
      "incorrect_confidence": 0.8417984843254089,
      "forget_confidence": 0.8575305342674255,
      "forget_correct_confidence": 0.0,
      "mean_entropy": 0.08927668631076813,
      "max_entropy": 1.6650131940841675,
      "min_entropy": 2.4109522971799136e-12
    }
  }
}