{
  "base_vit_cifar10": {
    "clean": {
      "overall_acc": 0.8738,
      "forget_acc": 0.868,
      "retain_acc": 0.8744444444444445,
      "forget_samples": 1000,
      "retain_samples": 9000,
      "total_samples": 10000,
      "attack_type": "clean",
      "mean_confidence": 0.9658240079879761,
      "correct_confidence": 0.9823600649833679,
      "incorrect_confidence": 0.8513290882110596,
      "forget_confidence": 0.9597994089126587,
      "forget_correct_confidence": 0.9813071489334106,
      "mean_entropy": 0.08646845072507858,
      "max_entropy": 1.733595371246338,
      "min_entropy": 1.936175286938735e-13
    }
  },
  "unlearn_falw_vit_cifar10_forget0_smoke": {
    "clean": {
      "overall_acc": 0.792,
      "forget_acc": 0.0,
      "retain_acc": 0.88,
      "forget_samples": 1000,
      "retain_samples": 9000,
      "total_samples": 10000,
      "attack_type": "clean",
      "mean_confidence": 0.9310252666473389,
      "correct_confidence": 0.9682050347328186,
      "incorrect_confidence": 0.7894564270973206,
      "forget_confidence": 0.8079208135604858,
      "forget_correct_confidence": 0.0,
      "mean_entropy": 0.1852898746728897,
      "max_entropy": 1.7897748947143555,
      "min_entropy": 1.4861027339274635e-11
    }
  }
}