{
  "base_vit_cifar10": {
    "clean": {
      "overall_acc": 0.8738,
      "forget_acc": 0.868,
      "retain_acc": 0.8744444444444445,
      "forget_samples": 1000,
      "retain_samples": 9000,
      "total_samples": 10000,
      "attack_type": "clean",
      "mean_confidence": 0.9658240079879761,
      "correct_confidence": 0.9823600649833679,
      "incorrect_confidence": 0.8513290882110596,
      "forget_confidence": 0.9597994089126587,
      "forget_correct_confidence": 0.9813071489334106,
      "mean_entropy": 0.08646845072507858,
      "max_entropy": 1.733595371246338,
      "min_entropy": 1.936175286938735e-13
    }
  },
  "unlearn_lora_vit_cifar10_forget0": {
    "clean": {
      "overall_acc": 0.8731,
      "forget_acc": 0.851,
      "retain_acc": 0.8755555555555555,
      "forget_samples": 1000,
      "retain_samples": 9000,
      "total_samples": 10000,
      "attack_type": "clean",
      "mean_confidence": 0.965948224067688,
      "correct_confidence": 0.9825088977813721,
      "incorrect_confidence": 0.8520057797431946,
      "forget_confidence": 0.9577717781066895,
      "forget_correct_confidence": 0.9826825857162476,
      "mean_entropy": 0.08626116067171097,
      "max_entropy": 1.6827718019485474,
      "min_entropy": 2.0352000792110692e-13
    }
  },
  "unlearn_kl_vit_cifar10_forget0": {
    "clean": {
      "overall_acc": 0.8745,
      "forget_acc": 0.866,
      "retain_acc": 0.8754444444444445,
      "forget_samples": 1000,
      "retain_samples": 9000,
      "total_samples": 10000,
      "attack_type": "clean",
      "mean_confidence": 0.9660574197769165,
      "correct_confidence": 0.9819419384002686,
      "incorrect_confidence": 0.8553723692893982,
      "forget_confidence": 0.9588322043418884,
      "forget_correct_confidence": 0.9805904626846313,
      "mean_entropy": 0.08580026775598526,
      "max_entropy": 1.6475436687469482,
      "min_entropy": 2.301489348491975e-13
    }
  },
  "unlearn_salun_vit_cifar10_forget0": {
    "clean": {
      "overall_acc": 0.7985,
      "forget_acc": 0.0,
      "retain_acc": 0.8872222222222222,
      "forget_samples": 1000,
      "retain_samples": 9000,
      "total_samples": 10000,
      "attack_type": "clean",
      "mean_confidence": 0.9088761806488037,
      "correct_confidence": 0.9666010141372681,
      "incorrect_confidence": 0.6801252961158752,
      "forget_confidence": 0.5973565578460693,
      "forget_correct_confidence": 0.0,
      "mean_entropy": 0.25392961502075195,
      "max_entropy": 2.129387617111206,
      "min_entropy": 1.699403530223964e-12
    }
  },
  "unlearn_scrub_distill_vit_cifar10_forget0": {
    "clean": {
      "overall_acc": 0.7878,
      "forget_acc": 0.0,
      "retain_acc": 0.8753333333333333,
      "forget_samples": 1000,
      "retain_samples": 9000,
      "total_samples": 10000,
      "attack_type": "clean",
      "mean_confidence": 0.9356012940406799,
      "correct_confidence": 0.9714325070381165,
      "incorrect_confidence": 0.8025761246681213,
      "forget_confidence": 0.8226855397224426,
      "forget_correct_confidence": 0.0,
      "mean_entropy": 0.17158885300159454,
      "max_entropy": 1.8050798177719116,
      "min_entropy": 1.0742578701594674e-11
    }
  },
  "unlearn_noisy_retain_vit_cifar10_forget0": {
    "clean": {
      "overall_acc": 0.8077,
      "forget_acc": 0.141,
      "retain_acc": 0.8817777777777778,
      "forget_samples": 1000,
      "retain_samples": 9000,
      "total_samples": 10000,
      "attack_type": "clean",
      "mean_confidence": 0.9531000256538391,
      "correct_confidence": 0.9783046245574951,
      "incorrect_confidence": 0.8472355008125305,
      "forget_confidence": 0.8567054271697998,
      "forget_correct_confidence": 0.8185076117515564,
      "mean_entropy": 0.11975981295108795,
      "max_entropy": 1.711936116218567,
      "min_entropy": 8.262479242460152e-13
    }
  }
}