{
  "base_vit_cifar10": {
    "clean": {
      "overall_acc": 0.8738,
      "forget_acc": 0.87,
      "retain_acc": 0.8742222222222222,
      "forget_samples": 1000,
      "retain_samples": 9000,
      "total_samples": 10000,
      "attack_type": "clean",
      "mean_confidence": 0.9659529328346252,
      "correct_confidence": 0.9824429154396057,
      "incorrect_confidence": 0.8517773151397705,
      "forget_confidence": 0.9595268368721008,
      "forget_correct_confidence": 0.9801596403121948,
      "mean_entropy": 0.08640103787183762,
      "max_entropy": 1.7250266075134277,
      "min_entropy": 1.716597919582466e-13
    },
    "autoattack_linf_8": {
      "overall_acc": 0.0,
      "forget_acc": 0.0,
      "retain_acc": 0.0,
      "forget_samples": 1000,
      "retain_samples": 9000,
      "total_samples": 10000,
      "attack_type": "autoattack",
      "mean_confidence": 0.9812943339347839,
      "correct_confidence": 0.0,
      "incorrect_confidence": 0.9812943339347839,
      "forget_confidence": 0.9767880439758301,
      "forget_correct_confidence": 0.0,
      "mean_entropy": 0.04567321017384529,
      "max_entropy": 1.527510166168213,
      "min_entropy": 7.256441541397818e-13
    }
  },
  "unlearn_lora_vit_cifar10_forget0": {
    "clean": {
      "overall_acc": 0.8735,
      "forget_acc": 0.85,
      "retain_acc": 0.8761111111111111,
      "forget_samples": 1000,
      "retain_samples": 9000,
      "total_samples": 10000,
      "attack_type": "clean",
      "mean_confidence": 0.9660860300064087,
      "correct_confidence": 0.9823458790779114,
      "incorrect_confidence": 0.8538094758987427,
      "forget_confidence": 0.9577198624610901,
      "forget_correct_confidence": 0.9830914735794067,
      "mean_entropy": 0.0860908105969429,
      "max_entropy": 1.7167240381240845,
      "min_entropy": 2.0973572542343916e-13
    },
    "autoattack_linf_8": {
      "overall_acc": 0.0,
      "forget_acc": 0.0,
      "retain_acc": 0.0,
      "forget_samples": 1000,
      "retain_samples": 9000,
      "total_samples": 10000,
      "attack_type": "autoattack",
      "mean_confidence": 0.9815068244934082,
      "correct_confidence": 0.0,
      "incorrect_confidence": 0.9815068244934082,
      "forget_confidence": 0.9720920920372009,
      "forget_correct_confidence": 0.0,
      "mean_entropy": 0.045260656625032425,
      "max_entropy": 1.7167240381240845,
      "min_entropy": 1.3512970039805672e-12
    }
  }
}