{
  "base_vit_cifar10": {
    "clean": {
      "overall_acc": 0.9391,
      "forget_acc": 0.945,
      "retain_acc": 0.9384444444444444,
      "forget_samples": 1000,
      "retain_samples": 9000,
      "total_samples": 10000,
      "attack_type": "clean",
      "mean_confidence": 0.9823524355888367,
      "correct_confidence": 0.9907045960426331,
      "incorrect_confidence": 0.8535575270652771,
      "forget_confidence": 0.9830014705657959,
      "forget_correct_confidence": 0.9907406568527222,
      "mean_entropy": 0.04419124871492386,
      "max_entropy": 1.5051711797714233,
      "min_entropy": 2.2888052672760673e-13
    }
  },
  "unlearn_lora_vit_cifar10_forget0": {
    "clean": {
      "overall_acc": 0.8442,
      "forget_acc": 0.0,
      "retain_acc": 0.938,
      "forget_samples": 1000,
      "retain_samples": 9000,
      "total_samples": 10000,
      "attack_type": "clean",
      "mean_confidence": 0.9608729481697083,
      "correct_confidence": 0.9867294430732727,
      "incorrect_confidence": 0.8207708597183228,
      "forget_confidence": 0.8156378865242004,
      "forget_correct_confidence": 0.0,
      "mean_entropy": 0.10343735665082932,
      "max_entropy": 1.886147141456604,
      "min_entropy": 2.81432402339174e-13
    }
  },
  "unlearn_kl_vit_cifar10_forget0": {
    "clean": {
      "overall_acc": 0.8483,
      "forget_acc": 0.002,
      "retain_acc": 0.9423333333333334,
      "forget_samples": 1000,
      "retain_samples": 9000,
      "total_samples": 10000,
      "attack_type": "clean",
      "mean_confidence": 0.9197945594787598,
      "correct_confidence": 0.9898964762687683,
      "incorrect_confidence": 0.5277870297431946,
      "forget_confidence": 0.3633806109428406,
      "forget_correct_confidence": 0.19619670510292053,
      "mean_entropy": 0.22553664445877075,
      "max_entropy": 2.287668466567993,
      "min_entropy": 7.049938974615366e-13
    }
  },
  "unlearn_salun_vit_cifar10_forget0": {
    "clean": {
      "overall_acc": 0.8481,
      "forget_acc": 0.0,
      "retain_acc": 0.9423333333333334,
      "forget_samples": 1000,
      "retain_samples": 9000,
      "total_samples": 10000,
      "attack_type": "clean",
      "mean_confidence": 0.9289836883544922,
      "correct_confidence": 0.9866727590560913,
      "incorrect_confidence": 0.6068902015686035,
      "forget_confidence": 0.5007558465003967,
      "forget_correct_confidence": 0.0,
      "mean_entropy": 0.20225103199481964,
      "max_entropy": 2.1702778339385986,
      "min_entropy": 5.584982346387712e-13
    }
  },
  "unlearn_scrub_distill_vit_cifar10_forget0": {
    "clean": {
      "overall_acc": 0.8434,
      "forget_acc": 0.0,
      "retain_acc": 0.9371111111111111,
      "forget_samples": 1000,
      "retain_samples": 9000,
      "total_samples": 10000,
      "attack_type": "clean",
      "mean_confidence": 0.961594820022583,
      "correct_confidence": 0.987663745880127,
      "incorrect_confidence": 0.8211960792541504,
      "forget_confidence": 0.8157318234443665,
      "forget_correct_confidence": 0.0,
      "mean_entropy": 0.10215084999799728,
      "max_entropy": 1.8436429500579834,
      "min_entropy": 3.1628901429360534e-13
    }
  },
  "unlearn_noisy_retain_vit_cifar10_forget0": {
    "clean": {
      "overall_acc": 0.923,
      "forget_acc": 0.757,
      "retain_acc": 0.9414444444444444,
      "forget_samples": 1000,
      "retain_samples": 9000,
      "total_samples": 10000,
      "attack_type": "clean",
      "mean_confidence": 0.9818073511123657,
      "correct_confidence": 0.990452229976654,
      "incorrect_confidence": 0.8781827688217163,
      "forget_confidence": 0.9491228461265564,
      "forget_correct_confidence": 0.9726507067680359,
      "mean_entropy": 0.04710090160369873,
      "max_entropy": 1.3365530967712402,
      "min_entropy": 1.42484982146307e-13
    }
  }
}