{
  "base_vit_cifar10": {
    "forget_neighborhood": {
      "overall_acc": 0.921,
      "forget_acc": 0.921,
      "retain_acc": 0.0,
      "forget_samples": 1000,
      "retain_samples": 0,
      "total_samples": 1000,
      "attack_type": "clean",
      "mean_confidence": 0.9752989411354065,
      "correct_confidence": 0.9884927272796631,
      "incorrect_confidence": 0.8214835524559021,
      "forget_confidence": 0.9752989411354065,
      "forget_correct_confidence": 0.9884927272796631,
      "mean_entropy": 0.06172826513648033,
      "max_entropy": 1.4613293409347534,
      "min_entropy": 1.0306084327962872e-12
    }
  },
  "unlearn_lora_vit_cifar10_forget0": {
    "forget_neighborhood": {
      "overall_acc": 0.665,
      "forget_acc": 0.665,
      "retain_acc": 0.0,
      "forget_samples": 1000,
      "retain_samples": 0,
      "total_samples": 1000,
      "attack_type": "clean",
      "mean_confidence": 0.9364079236984253,
      "correct_confidence": 0.9722028374671936,
      "incorrect_confidence": 0.8653520941734314,
      "forget_confidence": 0.9364079236984253,
      "forget_correct_confidence": 0.9722028374671936,
      "mean_entropy": 0.160691499710083,
      "max_entropy": 1.618379831314087,
      "min_entropy": 8.425806059808583e-12
    }
  },
  "vpt_resurrect_vit_cifar10_forget0": {
    "forget_neighborhood": {
      "overall_acc": 0.674,
      "forget_acc": 0.674,
      "retain_acc": 0.0,
      "forget_samples": 1000,
      "retain_samples": 0,
      "total_samples": 1000,
      "attack_type": "clean",
      "mean_confidence": 0.9302716851234436,
      "correct_confidence": 0.963276743888855,
      "incorrect_confidence": 0.8620341420173645,
      "forget_confidence": 0.9302716851234436,
      "forget_correct_confidence": 0.963276743888855,
      "mean_entropy": 0.1764761209487915,
      "max_entropy": 1.3712434768676758,
      "min_entropy": 2.835038627468922e-11
    }
  }
}