{
  "base_vit_cifar10": {
    "clean": {
      "overall_acc": 0.9411,
      "forget_acc": 0.942,
      "retain_acc": 0.941,
      "forget_samples": 1000,
      "retain_samples": 9000,
      "total_samples": 10000,
      "attack_type": "clean",
      "mean_confidence": 0.9842717051506042,
      "correct_confidence": 0.9914302229881287,
      "incorrect_confidence": 0.8698912858963013,
      "forget_confidence": 0.9823877215385437,
      "forget_correct_confidence": 0.991695761680603,
      "mean_entropy": 0.0398278534412384,
      "max_entropy": 1.4373867511749268,
      "min_entropy": 7.460574719857574e-14
    }
  },
  "unlearn_rurk_vit_cifar10_forget0_smoke": {
    "clean": {
      "overall_acc": 0.8458,
      "forget_acc": 0.0,
      "retain_acc": 0.9397777777777778,
      "forget_samples": 1000,
      "retain_samples": 9000,
      "total_samples": 10000,
      "attack_type": "clean",
      "mean_confidence": 0.9698460698127747,
      "correct_confidence": 0.9881324172019958,
      "incorrect_confidence": 0.8695435523986816,
      "forget_confidence": 0.8948288559913635,
      "forget_correct_confidence": 0.0,
      "mean_entropy": 0.07815372943878174,
      "max_entropy": 1.7814360857009888,
      "min_entropy": 1.4148616089490473e-12
    }
  }
}