{
  "base_vit_cifar10": {
    "clean": {
      "overall_acc": 0.8738,
      "forget_acc": 0.868,
      "retain_acc": 0.8744444444444445,
      "forget_samples": 1000,
      "retain_samples": 9000,
      "total_samples": 10000,
      "attack_type": "clean",
      "mean_confidence": 0.9658240079879761,
      "correct_confidence": 0.9823600649833679,
      "incorrect_confidence": 0.8513290882110596,
      "forget_confidence": 0.9597994089126587,
      "forget_correct_confidence": 0.9813071489334106,
      "mean_entropy": 0.08646845072507858,
      "max_entropy": 1.733595371246338,
      "min_entropy": 1.936175286938735e-13
    }
  },
  "unlearn_sga_vit_cifar10_forget0_smoke": {
    "clean": {
      "overall_acc": 0.7917,
      "forget_acc": 0.0,
      "retain_acc": 0.8796666666666667,
      "forget_samples": 1000,
      "retain_samples": 9000,
      "total_samples": 10000,
      "attack_type": "clean",
      "mean_confidence": 0.9319970607757568,
      "correct_confidence": 0.9685114026069641,
      "incorrect_confidence": 0.7932145595550537,
      "forget_confidence": 0.8000307679176331,
      "forget_correct_confidence": 0.0,
      "mean_entropy": 0.18244341015815735,
      "max_entropy": 1.7756503820419312,
      "min_entropy": 2.863566805552664e-12
    }
  }
}