{
  "base_vit_cifar10": {
    "clean": {
      "overall_acc": 0.9411,
      "forget_acc": 0.942,
      "retain_acc": 0.941,
      "forget_samples": 1000,
      "retain_samples": 9000,
      "total_samples": 10000,
      "attack_type": "clean",
      "mean_confidence": 0.9842717051506042,
      "correct_confidence": 0.9914302229881287,
      "incorrect_confidence": 0.8698912858963013,
      "forget_confidence": 0.9823877215385437,
      "forget_correct_confidence": 0.991695761680603,
      "mean_entropy": 0.0398278534412384,
      "max_entropy": 1.4373867511749268,
      "min_entropy": 7.460574719857574e-14
    }
  },
  "unlearn_kl_vit_cifar10_forget0": {
    "clean": {
      "overall_acc": 0.8636,
      "forget_acc": 0.144,
      "retain_acc": 0.9435555555555556,
      "forget_samples": 1000,
      "retain_samples": 9000,
      "total_samples": 10000,
      "attack_type": "clean",
      "mean_confidence": 0.9373942613601685,
      "correct_confidence": 0.97632896900177,
      "incorrect_confidence": 0.6908828020095825,
      "forget_confidence": 0.627750813961029,
      "forget_correct_confidence": 0.5900425314903259,
      "mean_entropy": 0.17529016733169556,
      "max_entropy": 2.126890182495117,
      "min_entropy": 4.84914972759265e-12
    }
  },
  "benign_relearn_vit_cifar10_forget0": {
    "clean": {
      "overall_acc": 0.8636,
      "forget_acc": 0.167,
      "retain_acc": 0.941,
      "forget_samples": 1000,
      "retain_samples": 9000,
      "total_samples": 10000,
      "attack_type": "clean",
      "mean_confidence": 0.9561049938201904,
      "correct_confidence": 0.9835445284843445,
      "incorrect_confidence": 0.7823747396469116,
      "forget_confidence": 0.7497977614402771,
      "forget_correct_confidence": 0.746055543422699,
      "mean_entropy": 0.11902876943349838,
      "max_entropy": 1.9530826807022095,
      "min_entropy": 5.940589274840147e-13
    }
  }
}