{
  "base_vit_cifar10": {
    "clean": {
      "overall_acc": 0.9411,
      "forget_acc": 0.942,
      "retain_acc": 0.941,
      "forget_samples": 1000,
      "retain_samples": 9000,
      "total_samples": 10000,
      "attack_type": "clean",
      "mean_confidence": 0.9842717051506042,
      "correct_confidence": 0.9914302229881287,
      "incorrect_confidence": 0.8698912858963013,
      "forget_confidence": 0.9823877215385437,
      "forget_correct_confidence": 0.991695761680603,
      "mean_entropy": 0.0398278534412384,
      "max_entropy": 1.4373867511749268,
      "min_entropy": 7.460574719857574e-14
    }
  },
  "unlearn_lora_vit_cifar10_forget0": {
    "clean": {
      "overall_acc": 0.9225,
      "forget_acc": 0.753,
      "retain_acc": 0.9413333333333334,
      "forget_samples": 1000,
      "retain_samples": 9000,
      "total_samples": 10000,
      "attack_type": "clean",
      "mean_confidence": 0.9822183847427368,
      "correct_confidence": 0.9912903308868408,
      "incorrect_confidence": 0.8742333054542542,
      "forget_confidence": 0.9538602232933044,
      "forget_correct_confidence": 0.9791536927223206,
      "mean_entropy": 0.04513001814484596,
      "max_entropy": 1.4472215175628662,
      "min_entropy": 9.274863049888588e-14
    }
  },
  "unlearn_kl_vit_cifar10_forget0": {
    "clean": {
      "overall_acc": 0.8636,
      "forget_acc": 0.144,
      "retain_acc": 0.9435555555555556,
      "forget_samples": 1000,
      "retain_samples": 9000,
      "total_samples": 10000,
      "attack_type": "clean",
      "mean_confidence": 0.9373942613601685,
      "correct_confidence": 0.97632896900177,
      "incorrect_confidence": 0.6908828020095825,
      "forget_confidence": 0.627750813961029,
      "forget_correct_confidence": 0.5900425314903259,
      "mean_entropy": 0.17529016733169556,
      "max_entropy": 2.126890182495117,
      "min_entropy": 4.84914972759265e-12
    }
  },
  "unlearn_salun_vit_cifar10_forget0": {
    "clean": {
      "overall_acc": 0.8519,
      "forget_acc": 0.002,
      "retain_acc": 0.9463333333333334,
      "forget_samples": 1000,
      "retain_samples": 9000,
      "total_samples": 10000,
      "attack_type": "clean",
      "mean_confidence": 0.9308115243911743,
      "correct_confidence": 0.9845916628837585,
      "incorrect_confidence": 0.6214579939842224,
      "forget_confidence": 0.534004271030426,
      "forget_correct_confidence": 0.3495563864707947,
      "mean_entropy": 0.19507482647895813,
      "max_entropy": 2.1630725860595703,
      "min_entropy": 3.225994124611553e-12
    }
  },
  "unlearn_scrub_distill_vit_cifar10_forget0": {
    "clean": {
      "overall_acc": 0.8468,
      "forget_acc": 0.0,
      "retain_acc": 0.9408888888888889,
      "forget_samples": 1000,
      "retain_samples": 9000,
      "total_samples": 10000,
      "attack_type": "clean",
      "mean_confidence": 0.9658715724945068,
      "correct_confidence": 0.9861111044883728,
      "incorrect_confidence": 0.8539994955062866,
      "forget_confidence": 0.8702895641326904,
      "forget_correct_confidence": 0.0,
      "mean_entropy": 0.08929455280303955,
      "max_entropy": 1.7170567512512207,
      "min_entropy": 6.475768272312665e-13
    }
  },
  "unlearn_noisy_retain_vit_cifar10_forget0": {
    "clean": {
      "overall_acc": 0.9203,
      "forget_acc": 0.688,
      "retain_acc": 0.9461111111111111,
      "forget_samples": 1000,
      "retain_samples": 9000,
      "total_samples": 10000,
      "attack_type": "clean",
      "mean_confidence": 0.9763327240943909,
      "correct_confidence": 0.9878414869308472,
      "incorrect_confidence": 0.8434403538703918,
      "forget_confidence": 0.9180159568786621,
      "forget_correct_confidence": 0.9550610780715942,
      "mean_entropy": 0.0612647645175457,
      "max_entropy": 1.7903262376785278,
      "min_entropy": 4.3157567363588667e-13
    }
  }
}