{
  "base_vit_cifar10": {
    "clean": {
      "overall_acc": 0.9071,
      "forget_acc": 0.904,
      "retain_acc": 0.9074444444444445,
      "forget_samples": 1000,
      "retain_samples": 9000,
      "total_samples": 10000,
      "attack_type": "clean",
      "mean_confidence": 0.9740561246871948,
      "correct_confidence": 0.9870644211769104,
      "incorrect_confidence": 0.8470412492752075,
      "forget_confidence": 0.9699427485466003,
      "forget_correct_confidence": 0.9865739941596985,
      "mean_entropy": 0.06431610882282257,
      "max_entropy": 1.504386305809021,
      "min_entropy": 8.209838380955278e-14
    }
  },
  "unlearn_lora_vit_cifar10_forget0": {
    "clean": {
      "overall_acc": 0.8964,
      "forget_acc": 0.751,
      "retain_acc": 0.9125555555555556,
      "forget_samples": 1000,
      "retain_samples": 9000,
      "total_samples": 10000,
      "attack_type": "clean",
      "mean_confidence": 0.973701536655426,
      "correct_confidence": 0.9871541261672974,
      "incorrect_confidence": 0.8573037981987,
      "forget_confidence": 0.9484465718269348,
      "forget_correct_confidence": 0.9751249551773071,
      "mean_entropy": 0.06619752198457718,
      "max_entropy": 1.4421383142471313,
      "min_entropy": 5.6203133103451333e-14
    }
  },
  "unlearn_kl_vit_cifar10_forget0": {
    "clean": {
      "overall_acc": 0.9045,
      "forget_acc": 0.9,
      "retain_acc": 0.905,
      "forget_samples": 1000,
      "retain_samples": 9000,
      "total_samples": 10000,
      "attack_type": "clean",
      "mean_confidence": 0.9677099585533142,
      "correct_confidence": 0.9808804392814636,
      "incorrect_confidence": 0.8429697751998901,
      "forget_confidence": 0.9293916821479797,
      "forget_correct_confidence": 0.9414038062095642,
      "mean_entropy": 0.08870469778776169,
      "max_entropy": 1.5807158946990967,
      "min_entropy": 8.887281102015754e-14
    }
  },
  "unlearn_salun_vit_cifar10_forget0": {
    "clean": {
      "overall_acc": 0.9054,
      "forget_acc": 0.93,
      "retain_acc": 0.9026666666666666,
      "forget_samples": 1000,
      "retain_samples": 9000,
      "total_samples": 10000,
      "attack_type": "clean",
      "mean_confidence": 0.9726696014404297,
      "correct_confidence": 0.986293375492096,
      "incorrect_confidence": 0.842278003692627,
      "forget_confidence": 0.9766992926597595,
      "forget_correct_confidence": 0.9893786311149597,
      "mean_entropy": 0.06881175935268402,
      "max_entropy": 1.6015024185180664,
      "min_entropy": 1.479472740064519e-13
    }
  },
  "unlearn_scrub_distill_vit_cifar10_forget0": {
    "clean": {
      "overall_acc": 0.8982,
      "forget_acc": 0.771,
      "retain_acc": 0.9123333333333333,
      "forget_samples": 1000,
      "retain_samples": 9000,
      "total_samples": 10000,
      "attack_type": "clean",
      "mean_confidence": 0.9749588966369629,
      "correct_confidence": 0.9876693487167358,
      "incorrect_confidence": 0.8628114461898804,
      "forget_confidence": 0.9550665616989136,
      "forget_correct_confidence": 0.9796229004859924,
      "mean_entropy": 0.06435130536556244,
      "max_entropy": 1.50214421749115,
      "min_entropy": 4.9636801559196225e-14
    }
  }
}