{
  "base_vit_cifar10": {
    "clean": {
      "overall_acc": 0.9411,
      "forget_acc": 0.942,
      "retain_acc": 0.941,
      "forget_samples": 1000,
      "retain_samples": 9000,
      "total_samples": 10000,
      "attack_type": "clean",
      "mean_confidence": 0.9842717051506042,
      "correct_confidence": 0.9914302229881287,
      "incorrect_confidence": 0.8698912858963013,
      "forget_confidence": 0.9823877215385437,
      "forget_correct_confidence": 0.991695761680603,
      "mean_entropy": 0.0398278534412384,
      "max_entropy": 1.4373867511749268,
      "min_entropy": 7.460574719857574e-14
    }
  },
  "unlearn_rurk_vit_cifar10_forget0_smoke": {
    "clean": {
      "overall_acc": 0.8428,
      "forget_acc": 0.0,
      "retain_acc": 0.9364444444444444,
      "forget_samples": 1000,
      "retain_samples": 9000,
      "total_samples": 10000,
      "attack_type": "clean",
      "mean_confidence": 0.9704493284225464,
      "correct_confidence": 0.9881867170333862,
      "incorrect_confidence": 0.8753533959388733,
      "forget_confidence": 0.9072996377944946,
      "forget_correct_confidence": 0.0,
      "mean_entropy": 0.07789033651351929,
      "max_entropy": 1.8892546892166138,
      "min_entropy": 7.762258175635084e-13
    }
  }
}