{
  "base_vit_cifar10": {
    "dependency_forget_patch": {
      "overall_acc": 0.9375555555555556,
      "forget_acc": 0.0,
      "retain_acc": 0.9375555555555556,
      "forget_samples": 0,
      "retain_samples": 9000,
      "total_samples": 9000,
      "attack_type": "clean",
      "mean_confidence": 0.982907772064209,
      "correct_confidence": 0.9913780689239502,
      "incorrect_confidence": 0.85573410987854,
      "forget_confidence": 0.0,
      "forget_correct_confidence": 0.0,
      "mean_entropy": 0.04330626502633095,
      "max_entropy": 1.391316533088684,
      "min_entropy": 2.26381820190788e-13
    }
  },
  "unlearn_lora_vit_cifar10_forget0": {
    "dependency_forget_patch": {
      "overall_acc": 0.9374444444444444,
      "forget_acc": 0.0,
      "retain_acc": 0.9374444444444444,
      "forget_samples": 0,
      "retain_samples": 9000,
      "total_samples": 9000,
      "attack_type": "clean",
      "mean_confidence": 0.9763233661651611,
      "correct_confidence": 0.9861106276512146,
      "incorrect_confidence": 0.8296547532081604,
      "forget_confidence": 0.0,
      "forget_correct_confidence": 0.0,
      "mean_entropy": 0.06162378564476967,
      "max_entropy": 1.9418888092041016,
      "min_entropy": 3.0253132898144797e-13
    }
  },
  "vpt_resurrect_vit_cifar10_forget0": {
    "dependency_forget_patch": {
      "overall_acc": 0.361,
      "forget_acc": 0.0,
      "retain_acc": 0.361,
      "forget_samples": 0,
      "retain_samples": 9000,
      "total_samples": 9000,
      "attack_type": "clean",
      "mean_confidence": 0.9699897170066833,
      "correct_confidence": 0.9588636755943298,
      "incorrect_confidence": 0.9762753844261169,
      "forget_confidence": 0.0,
      "forget_correct_confidence": 0.0,
      "mean_entropy": 0.07208805531263351,
      "max_entropy": 1.6837631464004517,
      "min_entropy": 1.5671039227567463e-13
    }
  }
}