{
  "base_vit_cifar10": {
    "clean": {
      "overall_acc": 0.9411,
      "forget_acc": 0.942,
      "retain_acc": 0.941,
      "forget_samples": 1000,
      "retain_samples": 9000,
      "total_samples": 10000,
      "attack_type": "clean",
      "mean_confidence": 0.9842717051506042,
      "correct_confidence": 0.9914302229881287,
      "incorrect_confidence": 0.8698912858963013,
      "forget_confidence": 0.9823877215385437,
      "forget_correct_confidence": 0.991695761680603,
      "mean_entropy": 0.0398278534412384,
      "max_entropy": 1.4373867511749268,
      "min_entropy": 7.460574719857574e-14
    },
    "autoattack_linf_8": {
      "overall_acc": 0.0,
      "forget_acc": 0.0,
      "retain_acc": 0.0,
      "forget_samples": 1000,
      "retain_samples": 9000,
      "total_samples": 10000,
      "attack_type": "autoattack",
      "mean_confidence": 0.992336630821228,
      "correct_confidence": 0.0,
      "incorrect_confidence": 0.992336630821228,
      "forget_confidence": 0.9902101755142212,
      "forget_correct_confidence": 0.0,
      "mean_entropy": 0.018557848408818245,
      "max_entropy": 1.4373867511749268,
      "min_entropy": 5.0716059823985304e-11
    }
  },
  "unlearn_lora_vit_cifar10_forget0": {
    "clean": {
      "overall_acc": 0.9225,
      "forget_acc": 0.753,
      "retain_acc": 0.9413333333333334,
      "forget_samples": 1000,
      "retain_samples": 9000,
      "total_samples": 10000,
      "attack_type": "clean",
      "mean_confidence": 0.9822183847427368,
      "correct_confidence": 0.9912903308868408,
      "incorrect_confidence": 0.8742333054542542,
      "forget_confidence": 0.9538602232933044,
      "forget_correct_confidence": 0.9791536927223206,
      "mean_entropy": 0.04513001814484596,
      "max_entropy": 1.4472215175628662,
      "min_entropy": 9.274863049888588e-14
    },
    "autoattack_linf_8": {
      "overall_acc": 0.0,
      "forget_acc": 0.0,
      "retain_acc": 0.0,
      "forget_samples": 1000,
      "retain_samples": 9000,
      "total_samples": 10000,
      "attack_type": "autoattack",
      "mean_confidence": 0.9902531504631042,
      "correct_confidence": 0.0,
      "incorrect_confidence": 0.9902531504631042,
      "forget_confidence": 0.969557523727417,
      "forget_correct_confidence": 0.0,
      "mean_entropy": 0.023487525060772896,
      "max_entropy": 1.392069935798645,
      "min_entropy": 2.8783515501618062e-11
    }
  },
  "vpt_resurrect_vit_cifar10_forget0": {
    "autoattack_linf_8": {
      "overall_acc": 0.0,
      "forget_acc": 0.0,
      "retain_acc": 0.0,
      "forget_samples": 1000,
      "retain_samples": 9000,
      "total_samples": 10000,
      "attack_type": "autoattack",
      "mean_confidence": 0.9880915880203247,
      "correct_confidence": 0.0,
      "incorrect_confidence": 0.9880915880203247,
      "forget_confidence": 0.9725955128669739,
      "forget_correct_confidence": 0.0,
      "mean_entropy": 0.02921452932059765,
      "max_entropy": 1.5245006084442139,
      "min_entropy": 4.778567819219148e-11
    },
    "vpt_only": {
      "overall_acc": 0.9157,
      "forget_acc": 0.791,
      "retain_acc": 0.9295555555555556,
      "forget_samples": 1000,
      "retain_samples": 9000,
      "total_samples": 10000,
      "attack_type": "clean",
      "mean_confidence": 0.977126955986023,
      "correct_confidence": 0.988025963306427,
      "incorrect_confidence": 0.858738362789154,
      "forget_confidence": 0.9516734480857849,
      "forget_correct_confidence": 0.9735498428344727,
      "mean_entropy": 0.05876600369811058,
      "max_entropy": 1.5245006084442139,
      "min_entropy": 1.236704017188242e-13,
      "resurrection_success_rate": 0.791,
      "resurrection_delta_vs_unlearned": 0.038000000000000034
    },
    "vpt_plus_pgd": {
      "overall_acc": 0.9366,
      "forget_acc": 1.0,
      "retain_acc": 0.9295555555555556,
      "forget_samples": 1000,
      "retain_samples": 9000,
      "total_samples": 10000,
      "attack_type": "pgd",
      "mean_confidence": 0.9819585680961609,
      "correct_confidence": 0.9905257225036621,
      "incorrect_confidence": 0.8553958535194397,
      "forget_confidence": 0.9999880194664001,
      "forget_correct_confidence": 0.9999880194664001,
      "mean_entropy": 0.04598553851246834,
      "max_entropy": 1.5245006084442139,
      "min_entropy": 1.236704017188242e-13,
      "resurrection_success_rate": 1.0,
      "resurrection_delta_vs_unlearned": 0.247
    }
  }
}