{
  "base_vit_cifar10": {
    "backdoor_patch": {
      "overall_acc": 0.0978,
      "forget_acc": 0.0978,
      "retain_acc": 0.0,
      "forget_samples": 10000,
      "retain_samples": 0,
      "total_samples": 10000,
      "attack_type": "backdoor_patch",
      "backdoor_asr": 0.0978,
      "target_class": 0,
      "mean_confidence": 0.9659938216209412,
      "correct_confidence": 0.9684025645256042,
      "incorrect_confidence": 0.965732753276825,
      "forget_confidence": 0.9659938216209412,
      "forget_correct_confidence": 0.9684025645256042,
      "mean_entropy": 0.08616374433040619,
      "max_entropy": 1.7049440145492554,
      "min_entropy": 1.7714219576869111e-13
    }
  },
  "unlearn_lora_vit_cifar10_forget0": {
    "backdoor_patch": {
      "overall_acc": 0.095,
      "forget_acc": 0.095,
      "retain_acc": 0.0,
      "forget_samples": 10000,
      "retain_samples": 0,
      "total_samples": 10000,
      "attack_type": "backdoor_patch",
      "backdoor_asr": 0.095,
      "target_class": 0,
      "mean_confidence": 0.9660434722900391,
      "correct_confidence": 0.9698717594146729,
      "incorrect_confidence": 0.9656416177749634,
      "forget_confidence": 0.9660434722900391,
      "forget_correct_confidence": 0.9698717594146729,
      "mean_entropy": 0.08607491105794907,
      "max_entropy": 1.6720865964889526,
      "min_entropy": 1.9800303161388727e-13
    }
  },
  "unlearn_kl_vit_cifar10_forget0": {
    "backdoor_patch": {
      "overall_acc": 0.0971,
      "forget_acc": 0.0971,
      "retain_acc": 0.0,
      "forget_samples": 10000,
      "retain_samples": 0,
      "total_samples": 10000,
      "attack_type": "backdoor_patch",
      "backdoor_asr": 0.0971,
      "target_class": 0,
      "mean_confidence": 0.9659849405288696,
      "correct_confidence": 0.9682338237762451,
      "incorrect_confidence": 0.9657430648803711,
      "forget_confidence": 0.9659849405288696,
      "forget_correct_confidence": 0.9682338237762451,
      "mean_entropy": 0.08561950922012329,
      "max_entropy": 1.6363476514816284,
      "min_entropy": 2.2469965341512244e-13
    }
  }
}