{
  "base": {
    "clean": {
      "overall_acc": 0.9445,
      "forget_acc": 0.95,
      "retain_acc": 0.9438888888888889,
      "forget_samples": 1000,
      "retain_samples": 9000,
      "total_samples": 10000,
      "attack_type": "clean",
      "mean_confidence": 0.9852113127708435,
      "correct_confidence": 0.99221271276474,
      "incorrect_confidence": 0.8660626411437988,
      "forget_confidence": 0.987957775592804,
      "forget_correct_confidence": 0.9945194125175476,
      "mean_entropy": 0.03718811273574829,
      "max_entropy": 1.3048592805862427,
      "min_entropy": 1.609225549852305e-14
    },
    "pgd_linf_8": {
      "overall_acc": 0.0,
      "forget_acc": 0.0,
      "retain_acc": 0.0,
      "forget_samples": 1000,
      "retain_samples": 9000,
      "total_samples": 10000,
      "attack_type": "pgd",
      "mean_confidence": 0.999013364315033,
      "correct_confidence": 0.0,
      "incorrect_confidence": 0.999013364315033,
      "forget_confidence": 0.9971765279769897,
      "forget_correct_confidence": 0.0,
      "mean_entropy": 0.002699086908251047,
      "max_entropy": 0.7737249135971069,
      "min_entropy": 1.296078993911695e-13
    }
  },
  "unlearned": {
    "clean": {
      "overall_acc": 0.8026,
      "forget_acc": 0.0,
      "retain_acc": 0.8917777777777778,
      "forget_samples": 1000,
      "retain_samples": 9000,
      "total_samples": 10000,
      "attack_type": "clean",
      "mean_confidence": 0.9685149192810059,
      "correct_confidence": 0.9791703820228577,
      "incorrect_confidence": 0.9251912832260132,
      "forget_confidence": 0.9954521656036377,
      "forget_correct_confidence": 0.0,
      "mean_entropy": 0.08477728813886642,
      "max_entropy": 1.8697946071624756,
      "min_entropy": 4.475974712397912e-12
    },
    "pgd_linf_8": {
      "overall_acc": 0.0,
      "forget_acc": 0.0,
      "retain_acc": 0.0,
      "forget_samples": 1000,
      "retain_samples": 9000,
      "total_samples": 10000,
      "attack_type": "pgd",
      "mean_confidence": 0.9996611475944519,
      "correct_confidence": 0.0,
      "incorrect_confidence": 0.9996611475944519,
      "forget_confidence": 0.9999996423721313,
      "forget_correct_confidence": 0.0,
      "mean_entropy": 0.0010462688514962792,
      "max_entropy": 0.6923868656158447,
      "min_entropy": 1.1031211615821976e-14
    }
  },
  "vpt": {
    "clean": {
      "overall_acc": 0.1362,
      "forget_acc": 0.996,
      "retain_acc": 0.04066666666666666,
      "forget_samples": 1000,
      "retain_samples": 9000,
      "total_samples": 10000,
      "attack_type": "clean",
      "mean_confidence": 0.943268358707428,
      "correct_confidence": 0.9389304518699646,
      "incorrect_confidence": 0.9439523220062256,
      "forget_confidence": 0.9899475574493408,
      "forget_correct_confidence": 0.9916037321090698,
      "mean_entropy": 0.1700236052274704,
      "max_entropy": 1.628345251083374,
      "min_entropy": 1.2881027032562997e-05
    },
    "pgd_linf_8": {
      "overall_acc": 0.0002,
      "forget_acc": 0.0,
      "retain_acc": 0.00022222222222222223,
      "forget_samples": 1000,
      "retain_samples": 9000,
      "total_samples": 10000,
      "attack_type": "pgd",
      "mean_confidence": 0.9927291870117188,
      "correct_confidence": 0.6943034529685974,
      "incorrect_confidence": 0.9927887916564941,
      "forget_confidence": 0.993766188621521,
      "forget_correct_confidence": 0.0,
      "mean_entropy": 0.02024826966226101,
      "max_entropy": 1.5049830675125122,
      "min_entropy": 1.789061384932164e-13
    },
    "vpt_only": {
      "overall_acc": 0.1362,
      "forget_acc": 0.996,
      "retain_acc": 0.04066666666666666,
      "forget_samples": 1000,
      "retain_samples": 9000,
      "total_samples": 10000,
      "attack_type": "clean",
      "mean_confidence": 0.943268358707428,
      "correct_confidence": 0.9389304518699646,
      "incorrect_confidence": 0.9439523220062256,
      "forget_confidence": 0.9899475574493408,
      "forget_correct_confidence": 0.9916037321090698,
      "mean_entropy": 0.1700236052274704,
      "max_entropy": 1.628345251083374,
      "min_entropy": 1.2881027032562997e-05
    },
    "vpt_plus_pgd": {
      "overall_acc": 0.0001,
      "forget_acc": 0.0,
      "retain_acc": 0.00011111111111111112,
      "forget_samples": 1000,
      "retain_samples": 9000,
      "total_samples": 10000,
      "attack_type": "pgd",
      "mean_confidence": 0.9931237101554871,
      "correct_confidence": 0.9970704317092896,
      "incorrect_confidence": 0.9931233525276184,
      "forget_confidence": 0.989401638507843,
      "forget_correct_confidence": 0.0,
      "mean_entropy": 0.01896657980978489,
      "max_entropy": 1.6430937051773071,
      "min_entropy": 3.2236856955560056e-13
    }
  }
}