{
  "base_vit_cifar10": {
    "clean": {
      "overall_acc": 0.8738,
      "forget_acc": 0.87,
      "retain_acc": 0.8742222222222222,
      "forget_samples": 1000,
      "retain_samples": 9000,
      "total_samples": 10000,
      "attack_type": "clean",
      "mean_confidence": 0.9659529328346252,
      "correct_confidence": 0.9824429154396057,
      "incorrect_confidence": 0.8517773151397705,
      "forget_confidence": 0.9595268368721008,
      "forget_correct_confidence": 0.9801596403121948,
      "mean_entropy": 0.08640103787183762,
      "max_entropy": 1.7250266075134277,
      "min_entropy": 1.716597919582466e-13
    }
  },
  "unlearn_lora_vit_cifar10_forget0": {
    "clean": {
      "overall_acc": 0.8735,
      "forget_acc": 0.85,
      "retain_acc": 0.8761111111111111,
      "forget_samples": 1000,
      "retain_samples": 9000,
      "total_samples": 10000,
      "attack_type": "clean",
      "mean_confidence": 0.9660860300064087,
      "correct_confidence": 0.9823458790779114,
      "incorrect_confidence": 0.8538094758987427,
      "forget_confidence": 0.9577198624610901,
      "forget_correct_confidence": 0.9830914735794067,
      "mean_entropy": 0.0860908105969429,
      "max_entropy": 1.7167240381240845,
      "min_entropy": 2.0973572542343916e-13
    }
  },
  "unlearn_kl_vit_cifar10_forget0": {
    "clean": {
      "overall_acc": 0.8743,
      "forget_acc": 0.865,
      "retain_acc": 0.8753333333333333,
      "forget_samples": 1000,
      "retain_samples": 9000,
      "total_samples": 10000,
      "attack_type": "clean",
      "mean_confidence": 0.9661556482315063,
      "correct_confidence": 0.9821018576622009,
      "incorrect_confidence": 0.8552414178848267,
      "forget_confidence": 0.9589093923568726,
      "forget_correct_confidence": 0.9811116456985474,
      "mean_entropy": 0.08571337163448334,
      "max_entropy": 1.643363118171692,
      "min_entropy": 2.370868800762038e-13
    }
  },
  "unlearn_salun_vit_cifar10_forget0": {
    "clean": {
      "overall_acc": 0.8721,
      "forget_acc": 0.861,
      "retain_acc": 0.8733333333333333,
      "forget_samples": 1000,
      "retain_samples": 9000,
      "total_samples": 10000,
      "attack_type": "clean",
      "mean_confidence": 0.9657023549079895,
      "correct_confidence": 0.9823530912399292,
      "incorrect_confidence": 0.8521679043769836,
      "forget_confidence": 0.9580124020576477,
      "forget_correct_confidence": 0.9792636632919312,
      "mean_entropy": 0.08676367998123169,
      "max_entropy": 1.6123197078704834,
      "min_entropy": 2.6714847239754647e-13
    }
  },
  "unlearn_scrub_distill_vit_cifar10_forget0": {
    "clean": {
      "overall_acc": 0.873,
      "forget_acc": 0.85,
      "retain_acc": 0.8755555555555555,
      "forget_samples": 1000,
      "retain_samples": 9000,
      "total_samples": 10000,
      "attack_type": "clean",
      "mean_confidence": 0.966528594493866,
      "correct_confidence": 0.9828751683235168,
      "incorrect_confidence": 0.8541616201400757,
      "forget_confidence": 0.958775520324707,
      "forget_correct_confidence": 0.9830844402313232,
      "mean_entropy": 0.08555728942155838,
      "max_entropy": 1.6531922817230225,
      "min_entropy": 1.422243670490958e-13
    }
  }
}