{
  "base_vit_cifar10": {
    "clean": {
      "overall_acc": 0.8738,
      "forget_acc": 0.868,
      "retain_acc": 0.8744444444444445,
      "forget_samples": 1000,
      "retain_samples": 9000,
      "total_samples": 10000,
      "attack_type": "clean",
      "mean_confidence": 0.9658240079879761,
      "correct_confidence": 0.9823600649833679,
      "incorrect_confidence": 0.8513290882110596,
      "forget_confidence": 0.9597994089126587,
      "forget_correct_confidence": 0.9813071489334106,
      "mean_entropy": 0.08646845072507858,
      "max_entropy": 1.733595371246338,
      "min_entropy": 1.936175286938735e-13
    },
    "autoattack_linf_8": {
      "overall_acc": 0.0,
      "forget_acc": 0.0,
      "retain_acc": 0.0,
      "forget_samples": 1000,
      "retain_samples": 9000,
      "total_samples": 10000,
      "attack_type": "autoattack",
      "mean_confidence": 0.9812377095222473,
      "correct_confidence": 0.0,
      "incorrect_confidence": 0.9812377095222473,
      "forget_confidence": 0.9760249257087708,
      "forget_correct_confidence": 0.0,
      "mean_entropy": 0.04572450742125511,
      "max_entropy": 1.733595371246338,
      "min_entropy": 1.36815385409772e-12
    }
  },
  "unlearn_lora_vit_cifar10_forget0": {
    "clean": {
      "overall_acc": 0.8731,
      "forget_acc": 0.851,
      "retain_acc": 0.8755555555555555,
      "forget_samples": 1000,
      "retain_samples": 9000,
      "total_samples": 10000,
      "attack_type": "clean",
      "mean_confidence": 0.965948224067688,
      "correct_confidence": 0.9825088977813721,
      "incorrect_confidence": 0.8520057797431946,
      "forget_confidence": 0.9577717781066895,
      "forget_correct_confidence": 0.9826825857162476,
      "mean_entropy": 0.08626116067171097,
      "max_entropy": 1.6827718019485474,
      "min_entropy": 2.0352000792110692e-13
    },
    "autoattack_linf_8": {
      "overall_acc": 0.0,
      "forget_acc": 0.0,
      "retain_acc": 0.0,
      "forget_samples": 1000,
      "retain_samples": 9000,
      "total_samples": 10000,
      "attack_type": "autoattack",
      "mean_confidence": 0.9812196493148804,
      "correct_confidence": 0.0,
      "incorrect_confidence": 0.9812196493148804,
      "forget_confidence": 0.9725089073181152,
      "forget_correct_confidence": 0.0,
      "mean_entropy": 0.045722734183073044,
      "max_entropy": 1.6827718019485474,
      "min_entropy": 1.7283609439477932e-12
    }
  },
  "vpt_resurrect_vit_cifar10_forget0": {
    "autoattack_linf_8": {
      "overall_acc": 0.0,
      "forget_acc": 0.0,
      "retain_acc": 0.0,
      "forget_samples": 1000,
      "retain_samples": 9000,
      "total_samples": 10000,
      "attack_type": "autoattack",
      "mean_confidence": 0.9817062616348267,
      "correct_confidence": 0.0,
      "incorrect_confidence": 0.9817062616348267,
      "forget_confidence": 0.9985696077346802,
      "forget_correct_confidence": 0.0,
      "mean_entropy": 0.04422973096370697,
      "max_entropy": 1.6675806045532227,
      "min_entropy": 1.206661622021616e-14
    },
    "vpt_only": {
      "overall_acc": 0.6987,
      "forget_acc": 0.991,
      "retain_acc": 0.6662222222222223,
      "forget_samples": 1000,
      "retain_samples": 9000,
      "total_samples": 10000,
      "attack_type": "clean",
      "mean_confidence": 0.9664681553840637,
      "correct_confidence": 0.9781907200813293,
      "incorrect_confidence": 0.939284086227417,
      "forget_confidence": 0.9979200959205627,
      "forget_correct_confidence": 0.9993447065353394,
      "mean_entropy": 0.08258385956287384,
      "max_entropy": 1.6675806045532227,
      "min_entropy": 7.222234895093264e-15,
      "resurrection_success_rate": 0.991,
      "resurrection_delta_vs_unlearned": 0.14
    },
    "vpt_plus_pgd": {
      "overall_acc": 0.6996,
      "forget_acc": 1.0,
      "retain_acc": 0.6662222222222223,
      "forget_samples": 1000,
      "retain_samples": 9000,
      "total_samples": 10000,
      "attack_type": "pgd",
      "mean_confidence": 0.9666761755943298,
      "correct_confidence": 0.9783115983009338,
      "incorrect_confidence": 0.9395784735679626,
      "forget_confidence": 1.0,
      "forget_correct_confidence": 1.0,
      "mean_entropy": 0.08207639306783676,
      "max_entropy": 1.6675806045532227,
      "min_entropy": 3.3754068130506e-15,
      "resurrection_success_rate": 1.0,
      "resurrection_delta_vs_unlearned": 0.14900000000000002
    }
  }
}