{
  "base": {
    "clean": {
      "overall_acc": 0.9445,
      "forget_acc": 0.95,
      "retain_acc": 0.9438888888888889,
      "forget_samples": 1000,
      "retain_samples": 9000,
      "total_samples": 10000,
      "attack_type": "clean",
      "mean_confidence": 0.9852113127708435,
      "correct_confidence": 0.99221271276474,
      "incorrect_confidence": 0.8660626411437988,
      "forget_confidence": 0.987957775592804,
      "forget_correct_confidence": 0.9945194125175476,
      "mean_entropy": 0.03718811273574829,
      "max_entropy": 1.3048592805862427,
      "min_entropy": 1.609225549852305e-14
    },
    "pgd_linf_8": {
      "overall_acc": 0.0,
      "forget_acc": 0.0,
      "retain_acc": 0.0,
      "forget_samples": 1000,
      "retain_samples": 9000,
      "total_samples": 10000,
      "attack_type": "pgd",
      "mean_confidence": 0.9990115165710449,
      "correct_confidence": 0.0,
      "incorrect_confidence": 0.9990115165710449,
      "forget_confidence": 0.9969374537467957,
      "forget_correct_confidence": 0.0,
      "mean_entropy": 0.002667960710823536,
      "max_entropy": 0.6929916143417358,
      "min_entropy": 1.261214575701622e-13,
      "robust_retain_acc": 0.0
    }
  },
  "unlearned": {
    "clean": {
      "overall_acc": 0.8478,
      "forget_acc": 0.0,
      "retain_acc": 0.942,
      "forget_samples": 1000,
      "retain_samples": 9000,
      "total_samples": 10000,
      "attack_type": "clean",
      "mean_confidence": 0.9683476686477661,
      "correct_confidence": 0.989558219909668,
      "incorrect_confidence": 0.8501995205879211,
      "forget_confidence": 0.8535215854644775,
      "forget_correct_confidence": 0.0,
      "mean_entropy": 0.08264138549566269,
      "max_entropy": 1.6938812732696533,
      "min_entropy": 4.1587261114190213e-14
    },
    "pgd_linf_8": {
      "overall_acc": 0.0,
      "forget_acc": 0.0,
      "retain_acc": 0.0,
      "forget_samples": 1000,
      "retain_samples": 9000,
      "total_samples": 10000,
      "attack_type": "pgd",
      "mean_confidence": 0.9994482398033142,
      "correct_confidence": 0.0,
      "incorrect_confidence": 0.9994482398033142,
      "forget_confidence": 0.9993988275527954,
      "forget_correct_confidence": 0.0,
      "mean_entropy": 0.0014955938095226884,
      "max_entropy": 0.6917333602905273,
      "min_entropy": 5.741538294063916e-14,
      "robust_retain_acc": 0.0
    }
  },
  "vpt": {
    "pgd_linf_8": {
      "overall_acc": 0.0,
      "forget_acc": 0.0,
      "retain_acc": 0.0,
      "forget_samples": 1000,
      "retain_samples": 9000,
      "total_samples": 10000,
      "attack_type": "pgd",
      "mean_confidence": 0.9992481470108032,
      "correct_confidence": 0.0,
      "incorrect_confidence": 0.9992481470108032,
      "forget_confidence": 0.9979871511459351,
      "forget_correct_confidence": 0.0,
      "mean_entropy": 0.0018480615690350533,
      "max_entropy": 1.3629941940307617,
      "min_entropy": 2.270465038851574e-13,
      "robust_retain_acc": 0.0
    },
    "vpt_only": {
      "overall_acc": 0.5647,
      "forget_acc": 0.993,
      "retain_acc": 0.5171111111111111,
      "forget_samples": 1000,
      "retain_samples": 9000,
      "total_samples": 10000,
      "attack_type": "clean",
      "mean_confidence": 0.9770365953445435,
      "correct_confidence": 0.9812434315681458,
      "incorrect_confidence": 0.9715794324874878,
      "forget_confidence": 0.9985076785087585,
      "forget_correct_confidence": 0.9991393685340881,
      "mean_entropy": 0.05658995360136032,
      "max_entropy": 1.4340952634811401,
      "min_entropy": 1.1950419224072278e-13,
      "resurrection_success_rate": 0.993,
      "resurrection_delta_vs_unlearned": 0.993
    },
    "vpt_plus_pgd": {
      "overall_acc": 0.5654,
      "forget_acc": 1.0,
      "retain_acc": 0.5171111111111111,
      "forget_samples": 1000,
      "retain_samples": 9000,
      "total_samples": 10000,
      "attack_type": "pgd",
      "mean_confidence": 0.9771859645843506,
      "correct_confidence": 0.9814178347587585,
      "incorrect_confidence": 0.9716803431510925,
      "forget_confidence": 1.0,
      "forget_correct_confidence": 1.0,
      "mean_entropy": 0.056237708777189255,
      "max_entropy": 1.4340952634811401,
      "min_entropy": 1.0647948180727423e-13,
      "resurrection_success_rate": 1.0,
      "resurrection_delta_vs_unlearned": 1.0
    }
  }
}