{
  "base_vit_cifar10": {
    "dependency_forget_patch": {
      "overall_acc": 0.8736666666666667,
      "forget_acc": 0.0,
      "retain_acc": 0.8736666666666667,
      "forget_samples": 0,
      "retain_samples": 9000,
      "total_samples": 9000,
      "attack_type": "clean",
      "mean_confidence": 0.9663511514663696,
      "correct_confidence": 0.9823784232139587,
      "incorrect_confidence": 0.8555130958557129,
      "forget_confidence": 0.0,
      "forget_correct_confidence": 0.0,
      "mean_entropy": 0.08555908501148224,
      "max_entropy": 1.7417519092559814,
      "min_entropy": 2.2389437580403598e-13
    }
  },
  "unlearn_lora_vit_cifar10_forget0": {
    "dependency_forget_patch": {
      "overall_acc": 0.8748888888888889,
      "forget_acc": 0.0,
      "retain_acc": 0.8748888888888889,
      "forget_samples": 0,
      "retain_samples": 9000,
      "total_samples": 9000,
      "attack_type": "clean",
      "mean_confidence": 0.9664940237998962,
      "correct_confidence": 0.9821453094482422,
      "incorrect_confidence": 0.8570457696914673,
      "forget_confidence": 0.0,
      "forget_correct_confidence": 0.0,
      "mean_entropy": 0.08558137714862823,
      "max_entropy": 1.6557114124298096,
      "min_entropy": 2.992373330460568e-13
    }
  },
  "vpt_resurrect_vit_cifar10_forget0": {
    "dependency_forget_patch": {
      "overall_acc": 0.6642222222222223,
      "forget_acc": 0.0,
      "retain_acc": 0.6642222222222223,
      "forget_samples": 0,
      "retain_samples": 9000,
      "total_samples": 9000,
      "attack_type": "clean",
      "mean_confidence": 0.9635132551193237,
      "correct_confidence": 0.9764038920402527,
      "incorrect_confidence": 0.9380135536193848,
      "forget_confidence": 0.0,
      "forget_correct_confidence": 0.0,
      "mean_entropy": 0.09133327752351761,
      "max_entropy": 1.5538063049316406,
      "min_entropy": 1.1096129067932493e-14
    }
  }
}