{
  "base": {
    "clean": {
      "overall_acc": 0.9445,
      "forget_acc": 0.95,
      "retain_acc": 0.9438888888888889,
      "forget_samples": 1000,
      "retain_samples": 9000,
      "total_samples": 10000,
      "attack_type": "clean",
      "mean_confidence": 0.9852113127708435,
      "correct_confidence": 0.99221271276474,
      "incorrect_confidence": 0.8660626411437988,
      "forget_confidence": 0.987957775592804,
      "forget_correct_confidence": 0.9945194125175476,
      "mean_entropy": 0.03718811273574829,
      "max_entropy": 1.3048592805862427,
      "min_entropy": 1.609225549852305e-14
    },
    "pgd_linf_4": {
      "overall_acc": 0.0,
      "forget_acc": 0.0,
      "retain_acc": 0.0,
      "forget_samples": 1000,
      "retain_samples": 9000,
      "total_samples": 10000,
      "attack_type": "pgd",
      "mean_confidence": 0.999769926071167,
      "correct_confidence": 0.0,
      "incorrect_confidence": 0.999769926071167,
      "forget_confidence": 0.9999570250511169,
      "forget_correct_confidence": 0.0,
      "mean_entropy": 0.0007586744613945484,
      "max_entropy": 0.6914114356040955,
      "min_entropy": 1.428115573931868e-13,
      "robust_retain_acc": 0.0
    },
    "pgd_linf_8": {
      "overall_acc": 0.0,
      "forget_acc": 0.0,
      "retain_acc": 0.0,
      "forget_samples": 1000,
      "retain_samples": 9000,
      "total_samples": 10000,
      "attack_type": "pgd",
      "mean_confidence": 0.9988993406295776,
      "correct_confidence": 0.0,
      "incorrect_confidence": 0.9988993406295776,
      "forget_confidence": 0.9984578490257263,
      "forget_correct_confidence": 0.0,
      "mean_entropy": 0.002945289248600602,
      "max_entropy": 0.9061241149902344,
      "min_entropy": 1.9582664483042134e-13,
      "robust_retain_acc": 0.0
    },
    "pgd_linf_8_retain": {
      "overall_acc": 0.095,
      "forget_acc": 0.95,
      "retain_acc": 0.0,
      "forget_samples": 1000,
      "retain_samples": 9000,
      "total_samples": 10000,
      "attack_type": "pgd",
      "mean_confidence": 0.9979899525642395,
      "correct_confidence": 0.9945194125175476,
      "incorrect_confidence": 0.9983541965484619,
      "forget_confidence": 0.987957775592804,
      "forget_correct_confidence": 0.9945194125175476,
      "mean_entropy": 0.00540520716458559,
      "max_entropy": 1.2289148569107056,
      "min_entropy": 8.703033140076283e-14
    },
    "pgd_linf_8_forget": {
      "overall_acc": 0.8495,
      "forget_acc": 0.0,
      "retain_acc": 0.9438888888888889,
      "forget_samples": 1000,
      "retain_samples": 9000,
      "total_samples": 10000,
      "attack_type": "pgd",
      "mean_confidence": 0.9862699508666992,
      "correct_confidence": 0.9919546842575073,
      "incorrect_confidence": 0.9541824460029602,
      "forget_confidence": 0.9985442161560059,
      "forget_correct_confidence": 0.0,
      "mean_entropy": 0.03423837944865227,
      "max_entropy": 1.3048592805862427,
      "min_entropy": 1.609225549852305e-14
    }
  },
  "unlearned": {
    "clean": {
      "overall_acc": 0.8478,
      "forget_acc": 0.0,
      "retain_acc": 0.942,
      "forget_samples": 1000,
      "retain_samples": 9000,
      "total_samples": 10000,
      "attack_type": "clean",
      "mean_confidence": 0.9683476686477661,
      "correct_confidence": 0.989558219909668,
      "incorrect_confidence": 0.8501995205879211,
      "forget_confidence": 0.8535215854644775,
      "forget_correct_confidence": 0.0,
      "mean_entropy": 0.08264138549566269,
      "max_entropy": 1.6938812732696533,
      "min_entropy": 4.1587261114190213e-14
    },
    "pgd_linf_4": {
      "overall_acc": 0.0,
      "forget_acc": 0.0,
      "retain_acc": 0.0,
      "forget_samples": 1000,
      "retain_samples": 9000,
      "total_samples": 10000,
      "attack_type": "pgd",
      "mean_confidence": 0.9999536871910095,
      "correct_confidence": 0.0,
      "incorrect_confidence": 0.9999536871910095,
      "forget_confidence": 0.9999879002571106,
      "forget_correct_confidence": 0.0,
      "mean_entropy": 0.00020504042913671583,
      "max_entropy": 0.4299074709415436,
      "min_entropy": 1.5916708597830953e-13,
      "robust_retain_acc": 0.0
    },
    "pgd_linf_8": {
      "overall_acc": 0.0,
      "forget_acc": 0.0,
      "retain_acc": 0.0,
      "forget_samples": 1000,
      "retain_samples": 9000,
      "total_samples": 10000,
      "attack_type": "pgd",
      "mean_confidence": 0.9994121789932251,
      "correct_confidence": 0.0,
      "incorrect_confidence": 0.9994121789932251,
      "forget_confidence": 0.9993115067481995,
      "forget_correct_confidence": 0.0,
      "mean_entropy": 0.0016790874069556594,
      "max_entropy": 0.693145751953125,
      "min_entropy": 8.376104849864077e-14,
      "robust_retain_acc": 0.0
    },
    "pgd_linf_8_retain": {
      "overall_acc": 0.0,
      "forget_acc": 0.0,
      "retain_acc": 0.0,
      "forget_samples": 1000,
      "retain_samples": 9000,
      "total_samples": 10000,
      "attack_type": "pgd",
      "mean_confidence": 0.984753429889679,
      "correct_confidence": 0.0,
      "incorrect_confidence": 0.984753429889679,
      "forget_confidence": 0.8535215854644775,
      "forget_correct_confidence": 0.0,
      "mean_entropy": 0.04032376781105995,
      "max_entropy": 1.6938812732696533,
      "min_entropy": 7.138587681046471e-14
    },
    "pgd_linf_8_forget": {
      "overall_acc": 0.8478,
      "forget_acc": 0.0,
      "retain_acc": 0.942,
      "forget_samples": 1000,
      "retain_samples": 9000,
      "total_samples": 10000,
      "attack_type": "pgd",
      "mean_confidence": 0.9829650521278381,
      "correct_confidence": 0.989558219909668,
      "incorrect_confidence": 0.9462395906448364,
      "forget_confidence": 0.9996945858001709,
      "forget_correct_confidence": 0.0,
      "mean_entropy": 0.043981119990348816,
      "max_entropy": 1.4443995952606201,
      "min_entropy": 4.1587261114190213e-14
    }
  },
  "vpt": {
    "pgd_linf_4": {
      "overall_acc": 0.0,
      "forget_acc": 0.0,
      "retain_acc": 0.0,
      "forget_samples": 1000,
      "retain_samples": 9000,
      "total_samples": 10000,
      "attack_type": "pgd",
      "mean_confidence": 0.999928891658783,
      "correct_confidence": 0.0,
      "incorrect_confidence": 0.999928891658783,
      "forget_confidence": 0.9994407296180725,
      "forget_correct_confidence": 0.0,
      "mean_entropy": 0.00021902189473621547,
      "max_entropy": 0.6591575145721436,
      "min_entropy": 3.4688983456543365e-13,
      "robust_retain_acc": 0.0
    },
    "pgd_linf_8": {
      "overall_acc": 0.0,
      "forget_acc": 0.0,
      "retain_acc": 0.0,
      "forget_samples": 1000,
      "retain_samples": 9000,
      "total_samples": 10000,
      "attack_type": "pgd",
      "mean_confidence": 0.9996553659439087,
      "correct_confidence": 0.0,
      "incorrect_confidence": 0.9996553659439087,
      "forget_confidence": 0.9994336366653442,
      "forget_correct_confidence": 0.0,
      "mean_entropy": 0.0008454748312942684,
      "max_entropy": 0.7748333811759949,
      "min_entropy": 2.7295619106984526e-13,
      "robust_retain_acc": 0.0
    },
    "pgd_linf_8_retain": {
      "overall_acc": 0.0993,
      "forget_acc": 0.993,
      "retain_acc": 0.0,
      "forget_samples": 1000,
      "retain_samples": 9000,
      "total_samples": 10000,
      "attack_type": "pgd",
      "mean_confidence": 0.9995707273483276,
      "correct_confidence": 0.9998921751976013,
      "incorrect_confidence": 0.9995352029800415,
      "forget_confidence": 0.998898446559906,
      "forget_correct_confidence": 0.9998921751976013,
      "mean_entropy": 0.0011428504949435592,
      "max_entropy": 1.0333192348480225,
      "min_entropy": 5.607831771647573e-14
    },
    "pgd_linf_8_forget": {
      "overall_acc": 0.6984,
      "forget_acc": 0.0,
      "retain_acc": 0.776,
      "forget_samples": 1000,
      "retain_samples": 9000,
      "total_samples": 10000,