{
  "suite": "probe_feature_leakage_all_methods_vit_cifar10_forget0",
  "seed": 42,
  "dataset": "cifar10",
  "model": "vit_tiny",
  "forget_class": 0,
  "run_info": {
    "started_utc": "2026-02-07T03:33:02.070334Z",
    "argv": [
      "scripts/9_feature_probe_leakage.py",
      "--config",
      "configs/experiment_suites.yaml",
      "--suite",
      "probe_feature_leakage_all_methods_vit_cifar10_forget0",
      "--seed",
      "42",
      "--probe-layer",
      "late"
    ],
    "probe_layer": "late"
  },
  "models": {
    "base_vit_cifar10": {
      "n_samples": 10000,
      "feature_dim": 192,
      "train_acc": 0.9817500710487366,
      "val_acc": 0.9850000739097595,
      "val_auc": 0.9976638888888889,
      "n_train": 8000,
      "n_val": 2000
    },
    "unlearn_kl_vit_cifar10_forget0": {
      "n_samples": 10000,
      "feature_dim": 192,
      "train_acc": 0.9821250438690186,
      "val_acc": 0.983500063419342,
      "val_auc": 0.9964666666666666,
      "n_train": 8000,
      "n_val": 2000
    },
    "unlearn_salun_vit_cifar10_forget0": {
      "n_samples": 10000,
      "feature_dim": 192,
      "train_acc": 0.9735000729560852,
      "val_acc": 0.9775000214576721,
      "val_auc": 0.9935555555555555,
      "n_train": 8000,
      "n_val": 2000
    },
    "unlearn_scrub_distill_vit_cifar10_forget0": {
      "n_samples": 10000,
      "feature_dim": 192,
      "train_acc": 0.9406250715255737,
      "val_acc": 0.9450000524520874,
      "val_auc": 0.9653916666666666,
      "n_train": 8000,
      "n_val": 2000
    },
    "unlearn_sga_vit_cifar10_forget0_smoke": {
      "n_samples": 10000,
      "feature_dim": 192,
      "train_acc": 0.9537500739097595,
      "val_acc": 0.9580000638961792,
      "val_auc": 0.9787138888888889,
      "n_train": 8000,
      "n_val": 2000
    },
    "oracle_vit_cifar10_forget0": {
      "n_samples": 10000,
      "feature_dim": 192,
      "train_acc": 0.9383750557899475,
      "val_acc": 0.9425000548362732,
      "val_auc": 0.951625,
      "n_train": 8000,
      "n_val": 2000
    }
  }
}