{
  "suite": "probe_feature_leakage_vit_cifar10_forget0",
  "seed": 123,
  "dataset": "cifar10",
  "model": "vit_tiny",
  "forget_class": 0,
  "run_info": {
    "started_utc": "2026-02-02T04:47:46.554022Z",
    "argv": [
      "scripts/9_feature_probe_leakage.py",
      "--config",
      "configs/experiment_suites.yaml",
      "--suite",
      "probe_feature_leakage_vit_cifar10_forget0",
      "--seed",
      "123",
      "--probe-layer",
      "late"
    ],
    "probe_layer": "late"
  },
  "models": {
    "base_vit_cifar10": {
      "n_samples": 10000,
      "feature_dim": 192,
      "train_acc": 0.984000027179718,
      "val_acc": 0.9875000715255737,
      "val_auc": 0.9973011317549133,
      "n_train": 8000,
      "n_val": 2000
    },
    "unlearn_kl_vit_cifar10_forget0": {
      "n_samples": 10000,
      "feature_dim": 192,
      "train_acc": 0.9825000762939453,
      "val_acc": 0.9875000715255737,
      "val_auc": 0.9971123584568963,
      "n_train": 8000,
      "n_val": 2000
    },
    "benign_relearn_vit_cifar10_forget0": {
      "n_samples": 10000,
      "feature_dim": 192,
      "train_acc": 0.9817500710487366,
      "val_acc": 0.9875000715255737,
      "val_auc": 0.9967466101919883,
      "n_train": 8000,
      "n_val": 2000
    },
    "oracle_vit_cifar10_forget0": {
      "n_samples": 10000,
      "feature_dim": 192,
      "train_acc": 0.9482500553131104,
      "val_acc": 0.940000057220459,
      "val_auc": 0.9623397270456094,
      "n_train": 8000,
      "n_val": 2000
    }
  }
}