{
  "suite": "probe_feature_leakage_2026_methods_vit_cifar10_forget0",
  "seed": 42,
  "dataset": "cifar10",
  "model": "vit_tiny",
  "forget_class": 0,
  "run_info": {
    "started_utc": "2026-02-09T03:09:30.664479Z",
    "argv": [
      "scripts/9_feature_probe_leakage.py",
      "--config",
      "configs/experiment_suites.yaml",
      "--suite",
      "probe_feature_leakage_2026_methods_vit_cifar10_forget0",
      "--seed",
      "42",
      "--probe-layer",
      "final"
    ],
    "probe_layer": "final"
  },
  "models": {
    "base_vit_cifar10": {
      "n_samples": 10000,
      "feature_dim": 192,
      "train_acc": 0.9882500171661377,
      "val_acc": 0.9910000562667847,
      "val_auc": 0.9971138888888889,
      "n_train": 8000,
      "n_val": 2000
    },
    "unlearn_baldro_vit_cifar10_forget0_smoke": {
      "n_samples": 10000,
      "feature_dim": 192,
      "train_acc": 0.9658750295639038,
      "val_acc": 0.9645000696182251,
      "val_auc": 0.981275,
      "n_train": 8000,
      "n_val": 2000
    },
    "unlearn_falw_vit_cifar10_forget0_smoke": {
      "n_samples": 10000,
      "feature_dim": 192,
      "train_acc": 0.9538750648498535,
      "val_acc": 0.9600000381469727,
      "val_auc": 0.9763861111111111,
      "n_train": 8000,
      "n_val": 2000
    },
    "unlearn_rurk_vit_cifar10_forget0_smoke": {
      "n_samples": 10000,
      "feature_dim": 192,
      "train_acc": 0.9808750748634338,
      "val_acc": 0.9830000400543213,
      "val_auc": 0.9926861111111112,
      "n_train": 8000,
      "n_val": 2000
    },
    "unlearn_orthoreg_vit_cifar10_forget0_smoke": {
      "n_samples": 10000,
      "feature_dim": 192,
      "train_acc": 0.9831250309944153,
      "val_acc": 0.9845000505447388,
      "val_auc": 0.9916333333333334,
      "n_train": 8000,
      "n_val": 2000
    },
    "oracle_vit_cifar10_forget0": {
      "n_samples": 10000,
      "feature_dim": 192,
      "train_acc": 0.9386250376701355,
      "val_acc": 0.936500072479248,
      "val_auc": 0.9509861111111111,
      "n_train": 8000,
      "n_val": 2000
    }
  }
}