{
  "suite": "probe_feature_leakage_vit_cifar10_forget0",
  "seed": 456,
  "dataset": "cifar10",
  "model": "vit_tiny",
  "forget_class": 0,
  "run_info": {
    "started_utc": "2026-02-02T04:06:04.897780Z",
    "argv": [
      "scripts/9_feature_probe_leakage.py",
      "--config",
      "configs/experiment_suites.yaml",
      "--suite",
      "probe_feature_leakage_vit_cifar10_forget0",
      "--seed",
      "456"
    ]
  },
  "models": {
    "base_vit_cifar10": {
      "n_samples": 10000,
      "feature_dim": 192,
      "train_acc": 0.9723750352859497,
      "val_acc": 0.9790000319480896,
      "val_auc": 0.9878383623888299,
      "n_train": 8000,
      "n_val": 2000
    },
    "unlearn_kl_vit_cifar10_forget0": {
      "n_samples": 10000,
      "feature_dim": 192,
      "train_acc": 0.9722500443458557,
      "val_acc": 0.9785000681877136,
      "val_auc": 0.9885119475745225,
      "n_train": 8000,
      "n_val": 2000
    },
    "benign_relearn_vit_cifar10_forget0": {
      "n_samples": 10000,
      "feature_dim": 192,
      "train_acc": 0.9720000624656677,
      "val_acc": 0.9755000472068787,
      "val_auc": 0.9891512826660274,
      "n_train": 8000,
      "n_val": 2000
    },
    "oracle_vit_cifar10_forget0": {
      "n_samples": 10000,
      "feature_dim": 192,
      "train_acc": 0.9435000419616699,
      "val_acc": 0.9455000162124634,
      "val_auc": 0.9602670365676839,
      "n_train": 8000,
      "n_val": 2000
    }
  }
}