{
  "suite": "grid_search_ortho_forget0",
  "seed": 42,
  "dataset": "cifar10",
  "model": "vit_tiny",
  "forget_class": 0,
  "run_info": {
    "started_utc": "2026-02-09T22:27:57.144469Z",
    "argv": [
      "scripts/9_feature_probe_leakage.py",
      "--config",
      "configs/experiment_suites.yaml",
      "--suite",
      "grid_search_ortho_forget0"
    ],
    "probe_layer": "final"
  },
  "models": {
    "unlearn_baldro_scrub_ortho_baseline": {
      "n_samples": 10000,
      "feature_dim": 192,
      "train_acc": 0.971125066280365,
      "val_acc": 0.9720000624656677,
      "val_auc": 0.9952638888888888,
      "n_train": 8000,
      "n_val": 2000
    },
    "unlearn_baldro_scrub_ortho_r8": {
      "n_samples": 10000,
      "feature_dim": 192,
      "train_acc": 0.9690000414848328,
      "val_acc": 0.9750000238418579,
      "val_auc": 0.9928805555555555,
      "n_train": 8000,
      "n_val": 2000
    },
    "unlearn_baldro_scrub_ortho_r64": {
      "n_samples": 10000,
      "feature_dim": 192,
      "train_acc": 0.9596250653266907,
      "val_acc": 0.9640000462532043,
      "val_auc": 0.9842083333333334,
      "n_train": 8000,
      "n_val": 2000
    },
    "unlearn_baldro_scrub_ortho_full": {
      "n_samples": 10000,
      "feature_dim": 192,
      "train_acc": 0.9150000214576721,
      "val_acc": 0.9115000367164612,
      "val_auc": 0.9579833333333333,
      "n_train": 8000,
      "n_val": 2000
    }
  }
}