{
  "suite": "probe_feature_leakage_all_methods_vit_cifar10_forget0",
  "seed": 42,
  "dataset": "cifar10",
  "model": "vit_tiny",
  "forget_class": 0,
  "run_info": {
    "started_utc": "2026-02-07T03:31:31.876937Z",
    "argv": [
      "scripts/9_feature_probe_leakage.py",
      "--config",
      "configs/experiment_suites.yaml",
      "--suite",
      "probe_feature_leakage_all_methods_vit_cifar10_forget0",
      "--seed",
      "42",
      "--probe-layer",
      "mid"
    ],
    "probe_layer": "mid"
  },
  "models": {
    "base_vit_cifar10": {
      "n_samples": 10000,
      "feature_dim": 192,
      "train_acc": 0.9455000162124634,
      "val_acc": 0.9460000395774841,
      "val_auc": 0.9613972222222222,
      "n_train": 8000,
      "n_val": 2000
    },
    "unlearn_kl_vit_cifar10_forget0": {
      "n_samples": 10000,
      "feature_dim": 192,
      "train_acc": 0.9607500433921814,
      "val_acc": 0.9575000405311584,
      "val_auc": 0.9783388888888889,
      "n_train": 8000,
      "n_val": 2000
    },
    "unlearn_salun_vit_cifar10_forget0": {
      "n_samples": 10000,
      "feature_dim": 192,
      "train_acc": 0.9488750696182251,
      "val_acc": 0.9485000371932983,
      "val_auc": 0.9655222222222222,
      "n_train": 8000,
      "n_val": 2000
    },
    "unlearn_scrub_distill_vit_cifar10_forget0": {
      "n_samples": 10000,
      "feature_dim": 192,
      "train_acc": 0.9420000314712524,
      "val_acc": 0.9435000419616699,
      "val_auc": 0.9604527777777778,
      "n_train": 8000,
      "n_val": 2000
    },
    "unlearn_sga_vit_cifar10_forget0_smoke": {
      "n_samples": 10000,
      "feature_dim": 192,
      "train_acc": 0.9447500705718994,
      "val_acc": 0.9465000629425049,
      "val_auc": 0.9574333333333334,
      "n_train": 8000,
      "n_val": 2000
    },
    "oracle_vit_cifar10_forget0": {
      "n_samples": 10000,
      "feature_dim": 192,
      "train_acc": 0.9381250739097595,
      "val_acc": 0.9315000176429749,
      "val_auc": 0.9424888888888889,
      "n_train": 8000,
      "n_val": 2000
    }
  }
}