{
  "suite": "eval_forget_neighborhood_vit_cifar10_forget0",
  "seed": 42,
  "noise_stds": [
    0.0,
    0.01,
    0.02,
    0.05
  ],
  "generated_utc": "2026-02-02T04:20:06.322810Z",
  "results": {
    "0.0": {
      "base_vit_cifar10": {
        "forget_neighborhood": {
          "overall_acc": 0.942,
          "forget_acc": 0.942,
          "retain_acc": 0.0,
          "forget_samples": 1000,
          "retain_samples": 0,
          "total_samples": 1000,
          "attack_type": "clean",
          "mean_confidence": 0.9823877215385437,
          "correct_confidence": 0.991695761680603,
          "incorrect_confidence": 0.8312114477157593,
          "forget_confidence": 0.9823877215385437,
          "forget_correct_confidence": 0.991695761680603,
          "mean_entropy": 0.04457513242959976,
          "max_entropy": 1.0181769132614136,
          "min_entropy": 6.530843032169498e-13
        }
      },
      "unlearn_lora_vit_cifar10_forget0": {
        "forget_neighborhood": {
          "overall_acc": 0.753,
          "forget_acc": 0.753,
          "retain_acc": 0.0,
          "forget_samples": 1000,
          "retain_samples": 0,
          "total_samples": 1000,
          "attack_type": "clean",
          "mean_confidence": 0.9538602232933044,
          "correct_confidence": 0.9791536927223206,
          "incorrect_confidence": 0.8767511248588562,
          "forget_confidence": 0.9538602232933044,
          "forget_correct_confidence": 0.9791536927223206,
          "mean_entropy": 0.11998289078474045,
          "max_entropy": 1.4472215175628662,
          "min_entropy": 1.1240425257241782e-11
        }
      },
      "vpt_resurrect_vit_cifar10_forget0": {
        "forget_neighborhood": {
          "overall_acc": 0.791,
          "forget_acc": 0.791,
          "retain_acc": 0.0,
          "forget_samples": 1000,
          "retain_samples": 0,
          "total_samples": 1000,
          "attack_type": "clean",
          "mean_confidence": 0.9516734480857849,
          "correct_confidence": 0.9735498428344727,
          "incorrect_confidence": 0.8688779473304749,
          "forget_confidence": 0.9516734480857849,
          "forget_correct_confidence": 0.9735498428344727,
          "mean_entropy": 0.12787218391895294,
          "max_entropy": 1.4948549270629883,
          "min_entropy": 2.1402773650591733e-11
        }
      }
    },
    "0.01": {
      "base_vit_cifar10": {
        "forget_neighborhood": {
          "overall_acc": 0.942,
          "forget_acc": 0.942,
          "retain_acc": 0.0,
          "forget_samples": 1000,
          "retain_samples": 0,
          "total_samples": 1000,
          "attack_type": "clean",
          "mean_confidence": 0.98232102394104,
          "correct_confidence": 0.9908590316772461,
          "incorrect_confidence": 0.843652069568634,
          "forget_confidence": 0.98232102394104,
          "forget_correct_confidence": 0.9908590316772461,
          "mean_entropy": 0.04512795805931091,
          "max_entropy": 1.0049095153808594,
          "min_entropy": 5.966175361908632e-13
        }
      },
      "unlearn_lora_vit_cifar10_forget0": {
        "forget_neighborhood": {
          "overall_acc": 0.754,
          "forget_acc": 0.754,
          "retain_acc": 0.0,
          "forget_samples": 1000,
          "retain_samples": 0,
          "total_samples": 1000,
          "attack_type": "clean",
          "mean_confidence": 0.9547264575958252,
          "correct_confidence": 0.9779118895530701,
          "incorrect_confidence": 0.8836620450019836,
          "forget_confidence": 0.9547264575958252,
          "forget_correct_confidence": 0.9779118895530701,
          "mean_entropy": 0.11890061944723129,
          "max_entropy": 1.6021318435668945,
          "min_entropy": 1.4016323691967703e-11
        }
      },
      "vpt_resurrect_vit_cifar10_forget0": {
        "forget_neighborhood": {
          "overall_acc": 0.79,
          "forget_acc": 0.79,
          "retain_acc": 0.0,
          "forget_samples": 1000,
          "retain_samples": 0,
          "total_samples": 1000,
          "attack_type": "clean",
          "mean_confidence": 0.9506324529647827,
          "correct_confidence": 0.970335841178894,
          "incorrect_confidence": 0.876509964466095,
          "forget_confidence": 0.9506324529647827,
          "forget_correct_confidence": 0.970335841178894,
          "mean_entropy": 0.1299871802330017,
          "max_entropy": 1.4617152214050293,
          "min_entropy": 1.7470925747775645e-11
        }
      }
    },
    "0.02": {
      "base_vit_cifar10": {
        "forget_neighborhood": {
          "overall_acc": 0.94,
          "forget_acc": 0.94,
          "retain_acc": 0.0,
          "forget_samples": 1000,
          "retain_samples": 0,
          "total_samples": 1000,
          "attack_type": "clean",
          "mean_confidence": 0.9813976287841797,
          "correct_confidence": 0.9902003407478333,
          "incorrect_confidence": 0.8434880971908569,
          "forget_confidence": 0.9813976287841797,
          "forget_correct_confidence": 0.9902003407478333,
          "mean_entropy": 0.04629293084144592,
          "max_entropy": 1.009199619293213,
          "min_entropy": 6.129848148170303e-13
        }
      },
      "unlearn_lora_vit_cifar10_forget0": {
        "forget_neighborhood": {
          "overall_acc": 0.751,
          "forget_acc": 0.751,
          "retain_acc": 0.0,
          "forget_samples": 1000,
          "retain_samples": 0,
          "total_samples": 1000,
          "attack_type": "clean",
          "mean_confidence": 0.9543102383613586,
          "correct_confidence": 0.9757600426673889,
          "incorrect_confidence": 0.8896164894104004,
          "forget_confidence": 0.9543102383613586,
          "forget_correct_confidence": 0.9757600426673889,
          "mean_entropy": 0.11959198117256165,
          "max_entropy": 1.7262532711029053,
          "min_entropy": 9.641665070503347e-12
        }
      },
      "vpt_resurrect_vit_cifar10_forget0": {
        "forget_neighborhood": {
          "overall_acc": 0.779,
          "forget_acc": 0.779,
          "retain_acc": 0.0,
          "forget_samples": 1000,
          "retain_samples": 0,
          "total_samples": 1000,
          "attack_type": "clean",
          "mean_confidence": 0.9461371898651123,
          "correct_confidence": 0.9662829041481018,
          "incorrect_confidence": 0.8751262426376343,
          "forget_confidence": 0.9461371898651123,
          "forget_correct_confidence": 0.9662829041481018,
          "mean_entropy": 0.138970285654068,
          "max_entropy": 1.3889676332473755,
          "min_entropy": 1.5801589203778832e-11
        }
      }
    },
    "0.05": {
      "base_vit_cifar10": {
        "forget_neighborhood": {
          "overall_acc": 0.921,
          "forget_acc": 0.921,
          "retain_acc": 0.0,
          "forget_samples": 1000,
          "retain_samples": 0,
          "total_samples": 1000,
          "attack_type": "clean",
          "mean_confidence": 0.9752989411354065,
          "correct_confidence": 0.9884927272796631,
          "incorrect_confidence": 0.8214835524559021,
          "forget_confidence": 0.9752989411354065,
          "forget_correct_confidence": 0.9884927272796631,
          "mean_entropy": 0.06172826513648033,
          "max_entropy": 1.4613293409347534,
          "min_entropy": 1.0306084327962872e-12
        }
      },
      "unlearn_lora_vit_cifar10_forget0": {
        "forget_neighborhood": {
          "overall_acc": 0.665,
          "forget_acc": 0.665,
          "retain_acc": 0.0,
          "forget_samples": 1000,
          "retain_samples": 0,
          "total_samples": 1000,
          "attack_type": "clean",
          "mean_confidence": 0.9364079236984253,
          "correct_confidence": 0.9722028374671936,
          "incorrect_confidence": 0.8653520941734314,
          "forget_confidence": 0.9364079236984253,