{
  "meta": {
    "seed": 42,
    "split": "test",
    "dataset": "cifar10",
    "model": "vit_tiny",
    "forget_class": 0,
    "base_suite": "base_vit_cifar10",
    "oracle_suite": "oracle_vit_cifar10_forget0",
    "model_suites": [
      "unlearn_kl_vit_cifar10_forget0",
      "unlearn_salun_vit_cifar10_forget0",
      "unlearn_scrub_distill_vit_cifar10_forget0",
      "unlearn_orbit_vit_cifar10_forget0"
    ],
    "max_forget_samples": 1000,
    "max_retain_samples": 2000
  },
  "splits": {
    "forget": {
      "base_vit_cifar10": {
        "feature_gap": {
          "n_samples": 1000,
          "dim": 192,
          "mean_gap_norm": 0.6767054200172424,
          "gap_mean_abs": 0.06160883605480194,
          "gap_l2_per_sample": 1.101241946220398,
          "mean_cos_to_gap_mean": 0.610251247882843,
          "mean_abs_cos_to_gap_mean": 0.610271155834198,
          "mean_direction_energy_ratio": 0.4006591281467606,
          "centered_gap_energy_ratio": 0.6243460239518008,
          "centered_effective_rank": 65.90802001953125,
          "centered_stable_rank": 10.803008079528809,
          "centered_top1_energy_ratio": 0.09256681054830551,
          "centered_top2_energy_ratio": 0.16708806157112122,
          "centered_top4_energy_ratio": 0.25889861583709717,
          "centered_top8_energy_ratio": 0.3891617953777313,
          "centered_top16_energy_ratio": 0.5543513298034668
        },
        "logit_gap": {
          "n_samples": 1000,
          "dim": 10,
          "mean_gap_norm": 47.98362350463867,
          "gap_mean_abs": 8.969659805297852,
          "gap_l2_per_sample": 50.06352233886719,
          "mean_cos_to_gap_mean": 0.9569809436798096,
          "mean_abs_cos_to_gap_mean": 0.9569809436798096,
          "mean_direction_energy_ratio": 0.921642701841393,
          "centered_gap_energy_ratio": 0.10969097570404539,
          "centered_effective_rank": 7.3942179679870605,
          "centered_stable_rank": 3.2865400314331055,
          "centered_top1_energy_ratio": 0.3042713403701782,
          "centered_top2_energy_ratio": 0.5124520659446716,
          "centered_top4_energy_ratio": 0.6895424127578735,
          "centered_top8_energy_ratio": 0.9467030167579651,
          "centered_top16_energy_ratio": 1.0000001192092896
        }
      },
      "unlearn_kl_vit_cifar10_forget0": {
        "feature_gap": {
          "n_samples": 1000,
          "dim": 192,
          "mean_gap_norm": 0.5526353716850281,
          "gap_mean_abs": 0.06561245024204254,
          "gap_l2_per_sample": 1.1576874256134033,
          "mean_cos_to_gap_mean": 0.4744272530078888,
          "mean_abs_cos_to_gap_mean": 0.474431574344635,
          "mean_direction_energy_ratio": 0.24884439254343557,
          "centered_gap_energy_ratio": 0.773288352593231,
          "centered_effective_rank": 70.45527648925781,
          "centered_stable_rank": 10.769927024841309,
          "centered_top1_energy_ratio": 0.09285113960504532,
          "centered_top2_energy_ratio": 0.15837925672531128,
          "centered_top4_energy_ratio": 0.23877622187137604,
          "centered_top8_energy_ratio": 0.35467231273651123,
          "centered_top16_energy_ratio": 0.5257312655448914
        },
        "logit_gap": {
          "n_samples": 1000,
          "dim": 10,
          "mean_gap_norm": 28.855085372924805,
          "gap_mean_abs": 6.6468024253845215,
          "gap_l2_per_sample": 32.245445251464844,
          "mean_cos_to_gap_mean": 0.8924761414527893,
          "mean_abs_cos_to_gap_mean": 0.8924761414527893,
          "mean_direction_energy_ratio": 0.8088398997067471,
          "centered_gap_energy_ratio": 0.23329415544211066,
          "centered_effective_rank": 6.918505668640137,
          "centered_stable_rank": 2.869255304336548,
          "centered_top1_energy_ratio": 0.34852248430252075,
          "centered_top2_energy_ratio": 0.5185471177101135,
          "centered_top4_energy_ratio": 0.7250286936759949,
          "centered_top8_energy_ratio": 0.9628414511680603,
          "centered_top16_energy_ratio": 1.0
        }
      },
      "unlearn_salun_vit_cifar10_forget0": {
        "feature_gap": {
          "n_samples": 1000,
          "dim": 192,
          "mean_gap_norm": 0.7377095818519592,
          "gap_mean_abs": 0.07087261229753494,
          "gap_l2_per_sample": 1.2525012493133545,
          "mean_cos_to_gap_mean": 0.585908830165863,
          "mean_abs_cos_to_gap_mean": 0.585908830165863,
          "mean_direction_energy_ratio": 0.36365243933819996,
          "centered_gap_energy_ratio": 0.6544563085605793,
          "centered_effective_rank": 69.8855972290039,
          "centered_stable_rank": 10.183337211608887,
          "centered_top1_energy_ratio": 0.09819962829351425,
          "centered_top2_energy_ratio": 0.16491848230361938,
          "centered_top4_energy_ratio": 0.24519366025924683,
          "centered_top8_energy_ratio": 0.363831102848053,
          "centered_top16_energy_ratio": 0.5289809107780457
        },
        "logit_gap": {
          "n_samples": 1000,
          "dim": 10,
          "mean_gap_norm": 26.740154266357422,
          "gap_mean_abs": 6.821666240692139,
          "gap_l2_per_sample": 30.880956649780273,
          "mean_cos_to_gap_mean": 0.8635324835777283,
          "mean_abs_cos_to_gap_mean": 0.8635324835777283,
          "mean_direction_energy_ratio": 0.7597103201940206,
          "centered_gap_energy_ratio": 0.2830588361659337,
          "centered_effective_rank": 6.640835762023926,
          "centered_stable_rank": 2.642927408218384,
          "centered_top1_energy_ratio": 0.3783683180809021,
          "centered_top2_energy_ratio": 0.5311379432678223,
          "centered_top4_energy_ratio": 0.7383937239646912,
          "centered_top8_energy_ratio": 0.9656329154968262,
          "centered_top16_energy_ratio": 1.0
        }
      },
      "unlearn_scrub_distill_vit_cifar10_forget0": {
        "feature_gap": {
          "n_samples": 1000,
          "dim": 192,
          "mean_gap_norm": 0.9501510262489319,
          "gap_mean_abs": 0.06883826851844788,
          "gap_l2_per_sample": 1.227211356163025,
          "mean_cos_to_gap_mean": 0.7736667394638062,
          "mean_abs_cos_to_gap_mean": 0.7736667394638062,
          "mean_direction_energy_ratio": 0.6031045607927897,
          "centered_gap_energy_ratio": 0.4027254954835124,
          "centered_effective_rank": 59.46113204956055,
          "centered_stable_rank": 9.59795093536377,
          "centered_top1_energy_ratio": 0.10418891161680222,
          "centered_top2_energy_ratio": 0.16961625218391418,
          "centered_top4_energy_ratio": 0.2771413028240204,
          "centered_top8_energy_ratio": 0.4311218559741974,
          "centered_top16_energy_ratio": 0.5932493805885315
        },
        "logit_gap": {
          "n_samples": 1000,
          "dim": 10,
          "mean_gap_norm": 12.13888931274414,
          "gap_mean_abs": 4.949503421783447,
          "gap_l2_per_sample": 18.625368118286133,
          "mean_cos_to_gap_mean": 0.6432468891143799,
          "mean_abs_cos_to_gap_mean": 0.6437526941299438,
          "mean_direction_energy_ratio": 0.47295963062563284,
          "centered_gap_energy_ratio": 0.5996595740634424,
          "centered_effective_rank": 7.648032188415527,
          "centered_stable_rank": 3.567960023880005,
          "centered_top1_energy_ratio": 0.2802722156047821,
          "centered_top2_energy_ratio": 0.4597298204898834,
          "centered_top4_energy_ratio": 0.6766365766525269,
          "centered_top8_energy_ratio": 0.9518245458602905,
          "centered_top16_energy_ratio": 1.0
        }
      },
      "unlearn_orbit_vit_cifar10_forget0": {
        "feature_gap": {
          "n_samples": 1000,
          "dim": 192,
          "mean_gap_norm": 0.3140939772129059,
          "gap_mean_abs": 0.05423721298575401,
          "gap_l2_per_sample": 0.9586780667304993,
          "mean_cos_to_gap_mean": 0.3302343785762787,