{
    "suite": "unlearn_rurk_vit_small_cifar100_forget0",
    "target_class": 0,
    "auc_loss": 0.4544945,
    "auc_entropy": 0.39150325,
    "memorization_gap": -0.045505499999999977
}