{
    "suite": "unlearn_orbit_vit_cifar10_forget0",
    "target_class": 0,
    "auc_loss": 0.7384740000000001,
    "auc_entropy": 0.324540375,
    "memorization_gap": 0.23847400000000007
}