{
    "suite": "unlearn_salun_resnet18_cifar100_forget0",
    "target_class": 0,
    "auc_loss": 0.6976887500000001,
    "auc_entropy": 0.3418455,
    "memorization_gap": 0.19768875000000008
}