{
  "Oracle(null)": {
    "fmed": 0.008823529411764706,
    "rmed": 0.00827205882352941,
    "r4": 0.0,
    "fsucc": 0.9765625,
    "rsucc": 1.0
  },
  "SCRUB": {
    "fmed": 0.0025428921568627447,
    "rmed": 0.005238970588235295,
    "r4": 0.765625,
    "fsucc": 1.0,
    "rsucc": 1.0
  },
  "SalUn": {
    "fmed": 0.0,
    "rmed": 0.00390625,
    "r4": 0.4296875,
    "fsucc": 1.0,
    "rsucc": 1.0
  },
  "Smoothed": {
    "fmed": 0.001761642156862745,
    "rmed": 0.006127450980392157,
    "r4": 0.8125,
    "fsucc": 1.0,
    "rsucc": 1.0
  }
}