{
  "patch_dir": "checkpoints/universal_patch/patch_harp_orbit_forget0_10shot_seed_42",
  "patch_seed": 42,
  "patch_info": {
    "artifact_type": "universal_patch",
    "forget_class": 0,
    "patch_config": {
      "patch_size": 32,
      "position": "center",
      "random_position": true,
      "random_position_train_only": true,
      "opacity": 1.0,
      "init_strategy": "random",
      "init_scale": 0.01,
      "epochs": 100,
      "lr": 0.05,
      "batch_size": 64,
      "eval_batch_size": 256,
      "target_class": 0,
      "k_shot": 10,
      "lambda_retain": 2.5,
      "T": 1.0,
      "eval_every": 10,
      "oracle_contrast_weight": 1.0,
      "feature_mode": "harp",
      "forget_objective": "targeted_margin",
      "target_margin": 2.0,
      "max_forget_samples": 1024,
      "max_retain_samples": 2048,
      "probe_epochs": 150,
      "probe_lr": 0.01,
      "token_blocks": [
        0,
        5,
        11
      ],
      "prototype_weight": 1.0,
      "final_probe_weight": 1.0,
      "token_probe_weight": 0.05,
      "sink_weight": 0.02,
      "tv_weight": 0.02,
      "prototype_margin": 0.1,
      "final_probe_margin": 1.0,
      "token_probe_margin": 1.0
    },
    "attack_history": [
      {
        "train_loss": 14.813034057617188,
        "loss_forget": 8.967190742492676,
        "loss_retain": 0.33712801337242126,
        "loss_oracle": 2.781612939983802e-09,
        "loss_proto": 0.16823270916938782,
        "loss_final_probe": 4.609199523925781,
        "loss_token_probe": 4.436767101287842,
        "loss_sink": 0.1820410192012787,
        "loss_tv": 0.005577185191214085,
        "target_forget_prob": 0.0056965546682477,
        "oracle_forget_prob": 2.781612939983802e-09,
        "oracle_contrast_gap": 0.00569655188663476,
        "resurrection_acc": 0.0,
        "resurrection_loss": 6.8611979484558105,
        "epoch": 0.0
      },
      {
        "train_loss": 14.237295150756836,
        "loss_forget": 8.296225547790527,
        "loss_retain": 0.42160290479660034,
        "loss_oracle": 3.2661993998317485e-08,
        "loss_proto": 0.11843372881412506,
        "loss_final_probe": 4.541645050048828,
        "loss_token_probe": 4.452273368835449,
        "loss_sink": 0.17317527532577515,
        "loss_tv": 0.04530142992734909,
        "target_forget_prob": 0.006559944245964289,
        "oracle_forget_prob": 3.2661993998317485e-08,
        "oracle_contrast_gap": 0.00655991158397029,
        "resurrection_acc": 0.0,
        "resurrection_loss": 6.664719939231873,
        "epoch": 10.0
      },
      {
        "train_loss": 15.45775032043457,
        "loss_forget": 9.698653221130371,
        "loss_retain": 0.2511550486087799,
        "loss_oracle": 2.1695807650434773e-10,
        "loss_proto": 0.22482167184352875,
        "loss_final_probe": 4.67604923248291,
        "loss_token_probe": 4.5111284255981445,
        "loss_sink": 0.1794746220111847,
        "loss_tv": 0.05958116799592972,
        "target_forget_prob": 0.003215803997591138,
        "oracle_forget_prob": 2.1695807650434773e-10,
        "oracle_contrast_gap": 0.0032158037806330614,
        "resurrection_acc": 0.0,
        "resurrection_loss": 6.6488635540008545,
        "epoch": 20.0
      },
      {
        "train_loss": 15.06769847869873,
        "loss_forget": 9.166829109191895,
        "loss_retain": 0.38254067301750183,
        "loss_oracle": 6.384702766482064e-10,
        "loss_proto": 0.1402810662984848,
        "loss_final_probe": 4.575356960296631,
        "loss_token_probe": 4.474117279052734,
        "loss_sink": 0.18935255706310272,
        "loss_tv": 0.06938393414020538,
        "target_forget_prob": 0.0042474460788071156,
        "oracle_forget_prob": 6.384702766482064e-10,
        "oracle_contrast_gap": 0.004247445440336839,
        "resurrection_acc": 0.001,
        "resurrection_loss": 6.603590130805969,
        "epoch": 30.0
      },
      {
        "train_loss": 14.973199844360352,
        "loss_forget": 9.115317344665527,
        "loss_retain": 0.353392094373703,
        "loss_oracle": 9.044160975690829e-10,
        "loss_proto": 0.15150563418865204,
        "loss_final_probe": 4.593308448791504,
        "loss_token_probe": 4.486238479614258,
        "loss_sink": 0.18831276893615723,
        "loss_tv": 0.0755322277545929,
        "target_forget_prob": 0.0028977803885936737,
        "oracle_forget_prob": 9.044160975690829e-10,
        "oracle_contrast_gap": 0.002897779484177576,
        "resurrection_acc": 0.0,
        "resurrection_loss": 6.441089630126953,
        "epoch": 40.0
      },
      {
        "train_loss": 13.808765411376953,
        "loss_forget": 8.322124481201172,
        "loss_retain": 0.3220740854740143,
        "loss_oracle": 9.476617407466748e-12,
        "loss_proto": 0.14562737941741943,
        "loss_final_probe": 4.308865547180176,
        "loss_token_probe": 4.434517860412598,
        "loss_sink": 0.18166843056678772,
        "loss_tv": 0.0801832377910614,
        "target_forget_prob": 0.004258417524397373,
        "oracle_forget_prob": 9.476617407466748e-12,
        "oracle_contrast_gap": 0.004258417514920756,
        "resurrection_acc": 0.0,
        "resurrection_loss": 6.231490969657898,
        "epoch": 50.0
      },
      {
        "train_loss": 13.325920104980469,
        "loss_forget": 7.286001682281494,
        "loss_retain": 0.5207030177116394,
        "loss_oracle": 1.1927290266555701e-09,
        "loss_proto": 0.0894683226943016,
        "loss_final_probe": 4.420757293701172,
        "loss_token_probe": 4.453805446624756,
        "loss_sink": 0.17873147130012512,
        "loss_tv": 0.08355959504842758,
        "target_forget_prob": 0.010812382213771343,
        "oracle_forget_prob": 1.1927290266555701e-09,
        "oracle_contrast_gap": 0.010812381021042317,
        "resurrection_acc": 0.0,
        "resurrection_loss": 5.997064828872681,
        "epoch": 60.0
      },
      {
        "train_loss": 14.306083679199219,
        "loss_forget": 8.756936073303223,
        "loss_retain": 0.24517282843589783,
        "loss_oracle": 5.6685951071999696e-11,
        "loss_proto": 0.11603505909442902,
        "loss_final_probe": 4.590891361236572,
        "loss_token_probe": 4.47929573059082,
        "loss_sink": 0.18033882975578308,
        "loss_tv": 0.08583712577819824,
        "target_forget_prob": 0.0035828419495373964,
        "oracle_forget_prob": 5.6685951071999696e-11,
        "oracle_contrast_gap": 0.0035828418928514454,
        "resurrection_acc": 0.0,
        "resurrection_loss": 5.879748821258545,
        "epoch": 70.0
      },
      {
        "train_loss": 14.193528175354004,
        "loss_forget": 8.649771690368652,
        "loss_retain": 0.29286304116249084,
        "loss_oracle": 9.626092811743092e-09,
        "loss_proto": 0.11745882034301758,
        "loss_final_probe": 4.464589595794678,
        "loss_token_probe": 4.482357025146484,
        "loss_sink": 0.18262021243572235,
        "loss_tv": 0.08896977454423904,
        "target_forget_prob": 0.00397759024053812,
        "oracle_forget_prob": 9.626092811743092e-09,
        "oracle_contrast_gap": 0.0039775806144453085,
        "resurrection_acc": 0.0,
        "resurrection_loss": 5.791689515113831,
        "epoch": 80.0
      },
      {
        "train_loss": 14.077925682067871,
        "loss_forget": 8.655211448669434,
        "loss_retain": 0.38117921352386475,
        "loss_oracle": 5.3410404571296866e-11,
        "loss_proto": 0.08171474933624268,
        "loss_final_probe": 4.158994197845459,
        "loss_token_probe": 4.458281993865967,
        "loss_sink": 0.21536308526992798,
        "loss_tv": 0.09187044948339462,
        "target_forget_prob": 0.004671420436352491,
        "oracle_forget_prob": 5.3410404571296866e-11,
        "oracle_contrast_gap": 0.004671420382942087,
        "resurrection_acc": 0.001,
        "resurrection_loss": 5.718870520591736,
        "epoch": 90.0
      },
      {
        "train_loss": 13.531895637512207,