{
  "patch_dir": "checkpoints/universal_patch/patch_harp_orbit_salun_kl_forget0_10shot_seed_42",
  "patch_seed": 42,
  "patch_info": {
    "artifact_type": "universal_patch",
    "forget_class": 0,
    "patch_config": {
      "patch_size": 32,
      "position": "center",
      "random_position": true,
      "random_position_train_only": true,
      "opacity": 1.0,
      "init_strategy": "random",
      "init_scale": 0.01,
      "epochs": 100,
      "lr": 0.05,
      "batch_size": 64,
      "eval_batch_size": 256,
      "target_class": 0,
      "k_shot": 10,
      "lambda_retain": 2.0,
      "T": 1.0,
      "eval_every": 10,
      "oracle_contrast_weight": 1.0,
      "feature_mode": "harp",
      "forget_objective": "targeted_margin",
      "target_margin": 1.5,
      "forget_aggregation": "max",
      "forget_aggregation_temperature": 12.0,
      "max_forget_samples": 1024,
      "max_retain_samples": 2048,
      "probe_epochs": 150,
      "probe_lr": 0.01,
      "token_blocks": [
        0,
        5,
        11
      ],
      "prototype_weight": 1.0,
      "final_probe_weight": 1.0,
      "token_probe_weight": 0.1,
      "sink_weight": 0.05,
      "tv_weight": 0.02,
      "prototype_margin": 0.1,
      "final_probe_margin": 1.0,
      "token_probe_margin": 1.0
    },
    "attack_history": [
      {
        "train_loss": 14.574119567871094,
        "loss_forget": 9.314033508300781,
        "loss_retain": 0.18608307838439941,
        "loss_oracle": 3.245542501417731e-09,
        "loss_proto": 0.11806905269622803,
        "loss_final_probe": 4.313502788543701,
        "loss_token_probe": 4.480757236480713,
        "loss_sink": 0.16322994232177734,
        "loss_tv": 0.005577185191214085,
        "target_forget_prob": 0.02278411015868187,
        "oracle_forget_prob": 3.245542501417731e-09,
        "oracle_contrast_gap": 0.022784106913139368,
        "resurrection_acc": 0.0,
        "resurrection_loss": 6.780174374580383,
        "epoch": 0.0
      },
      {
        "train_loss": 12.470805168151855,
        "loss_forget": 7.674047946929932,
        "loss_retain": 0.13512690365314484,
        "loss_oracle": 1.0011964868272827e-10,
        "loss_proto": 0.09354638308286667,
        "loss_final_probe": 3.980574369430542,
        "loss_token_probe": 4.420499324798584,
        "loss_sink": 0.18886525928974152,
        "loss_tv": 0.044480226933956146,
        "target_forget_prob": 0.03347286581993103,
        "oracle_forget_prob": 1.0011964868272827e-10,
        "oracle_contrast_gap": 0.03347286571981138,
        "resurrection_acc": 0.0,
        "resurrection_loss": 6.502368688583374,
        "epoch": 10.0
      },
      {
        "train_loss": 12.811358451843262,
        "loss_forget": 7.621098518371582,
        "loss_retain": 0.2462347447872162,
        "loss_oracle": 9.884586482655777e-09,
        "loss_proto": 0.08970492333173752,
        "loss_final_probe": 4.151106357574463,
        "loss_token_probe": 4.481736183166504,
        "loss_sink": 0.1524237096309662,
        "loss_tv": 0.05921785160899162,
        "target_forget_prob": 0.04513057693839073,
        "oracle_forget_prob": 9.884586482655777e-09,
        "oracle_contrast_gap": 0.04513056705380425,
        "resurrection_acc": 0.0,
        "resurrection_loss": 6.283348798751831,
        "epoch": 20.0
      },
      {
        "train_loss": 13.332198143005371,
        "loss_forget": 8.447122573852539,
        "loss_retain": 0.1814539134502411,
        "loss_oracle": 5.5197291182196295e-11,
        "loss_proto": 0.12002256512641907,
        "loss_final_probe": 3.946988821029663,
        "loss_token_probe": 4.4556121826171875,
        "loss_sink": 0.16436277329921722,
        "loss_tv": 0.0688437670469284,
        "target_forget_prob": 0.028962429612874985,
        "oracle_forget_prob": 5.5197291182196295e-11,
        "oracle_contrast_gap": 0.028962429557677694,
        "resurrection_acc": 0.002,
        "resurrection_loss": 5.985254645347595,
        "epoch": 30.0
      },
      {
        "train_loss": 11.979040145874023,
        "loss_forget": 7.390472412109375,
        "loss_retain": 0.1424875259399414,
        "loss_oracle": 5.4560670217917995e-12,
        "loss_proto": 0.037806931883096695,
        "loss_final_probe": 3.813478946685791,
        "loss_token_probe": 4.410767078399658,
        "loss_sink": 0.19441239535808563,
        "loss_tv": 0.07550689578056335,
        "target_forget_prob": 0.05039285123348236,
        "oracle_forget_prob": 5.4560670217917995e-12,
        "oracle_contrast_gap": 0.050392851228026295,
        "resurrection_acc": 0.002,
        "resurrection_loss": 5.789468169212341,
        "epoch": 40.0
      },
      {
        "train_loss": 13.916169166564941,
        "loss_forget": 7.927504062652588,
        "loss_retain": 0.6954817771911621,
        "loss_oracle": 1.2035624233353026e-11,
        "loss_proto": 0.09455981105566025,
        "loss_final_probe": 4.045708656311035,
        "loss_token_probe": 4.471584796905518,
        "loss_sink": 0.1736878603696823,
        "loss_tv": 0.07946984469890594,
        "target_forget_prob": 0.042044542729854584,
        "oracle_forget_prob": 1.2035624233353026e-11,
        "oracle_contrast_gap": 0.04204454271781896,
        "resurrection_acc": 0.001,
        "resurrection_loss": 5.692079186439514,
        "epoch": 50.0
      },
      {
        "train_loss": 13.504865646362305,
        "loss_forget": 8.485965728759766,
        "loss_retain": 0.2629445791244507,
        "loss_oracle": 2.4691475530858042e-09,
        "loss_proto": 0.08517735451459885,
        "loss_final_probe": 3.951796293258667,
        "loss_token_probe": 4.463339805603027,
        "loss_sink": 0.1611766368150711,
        "loss_tv": 0.08221131563186646,
        "target_forget_prob": 0.03828969597816467,
        "oracle_forget_prob": 2.4691475530858042e-09,
        "oracle_contrast_gap": 0.03828969350901712,
        "resurrection_acc": 0.002,
        "resurrection_loss": 5.639768719673157,
        "epoch": 60.0
      },
      {
        "train_loss": 12.073637962341309,
        "loss_forget": 7.4332709312438965,
        "loss_retain": 0.2184261530637741,
        "loss_oracle": 8.66291760548421e-11,
        "loss_proto": 0.10500942915678024,
        "loss_final_probe": 3.646587371826172,
        "loss_token_probe": 4.419240474700928,
        "loss_sink": 0.1659102588891983,
        "loss_tv": 0.0849359780550003,
        "target_forget_prob": 0.038862358778715134,
        "oracle_forget_prob": 8.66291760548421e-11,
        "oracle_contrast_gap": 0.03886235869208596,
        "resurrection_acc": 0.001,
        "resurrection_loss": 5.596796751022339,
        "epoch": 70.0
      },
      {
        "train_loss": 12.127007484436035,
        "loss_forget": 6.702647686004639,
        "loss_retain": 0.41848403215408325,
        "loss_oracle": 1.6258930313206577e-10,
        "loss_proto": 0.05825798958539963,
        "loss_final_probe": 4.074868202209473,
        "loss_token_probe": 4.443495273590088,
        "loss_sink": 0.16323508322238922,
        "loss_tv": 0.08775836229324341,
        "target_forget_prob": 0.05248283967375755,
        "oracle_forget_prob": 1.6258930313206577e-10,
        "oracle_contrast_gap": 0.05248283951116825,
        "resurrection_acc": 0.002,
        "resurrection_loss": 5.486955761909485,
        "epoch": 80.0
      },
      {
        "train_loss": 12.619465827941895,
        "loss_forget": 7.410245418548584,
        "loss_retain": 0.3941614031791687,
        "loss_oracle": 6.765086131262435e-14,
        "loss_proto": 0.06804158538579941,
        "loss_final_probe": 3.8956122398376465,
        "loss_token_probe": 4.469724178314209,
        "loss_sink": 0.16945375502109528,
        "loss_tv": 0.0899234339594841,
        "target_forget_prob": 0.04176957160234451,
        "oracle_forget_prob": 6.765086131262435e-14,
        "oracle_contrast_gap": 0.04176957160227686,
        "resurrection_acc": 0.002,
        "resurrection_loss": 5.402430057525635,