{
  "patch_dir": "checkpoints/universal_patch/patch_harp_orbit_salun_forget0_10shot_seed_42",
  "patch_seed": 42,
  "patch_info": {
    "artifact_type": "universal_patch",
    "forget_class": 0,
    "patch_config": {
      "patch_size": 32,
      "position": "center",
      "random_position": true,
      "random_position_train_only": true,
      "opacity": 1.0,
      "init_strategy": "random",
      "init_scale": 0.01,
      "epochs": 100,
      "lr": 0.05,
      "batch_size": 64,
      "eval_batch_size": 256,
      "target_class": 0,
      "k_shot": 10,
      "lambda_retain": 1.0,
      "T": 1.0,
      "eval_every": 10,
      "oracle_contrast_weight": 1.0,
      "feature_mode": "harp",
      "max_forget_samples": 1024,
      "max_retain_samples": 2048,
      "probe_epochs": 150,
      "probe_lr": 0.01,
      "token_blocks": [
        0,
        5,
        11
      ],
      "prototype_weight": 1.0,
      "final_probe_weight": 1.0,
      "token_probe_weight": 0.5,
      "sink_weight": 0.25,
      "tv_weight": 0.01,
      "prototype_margin": 0.1,
      "final_probe_margin": 1.0,
      "token_probe_margin": 1.0
    },
    "attack_history": [
      {
        "train_loss": 14.441913604736328,
        "loss_forget": 7.288067817687988,
        "loss_retain": 0.2808666229248047,
        "loss_oracle": 1.990993592215773e-09,
        "loss_proto": 0.08339967578649521,
        "loss_final_probe": 4.5139265060424805,
        "loss_token_probe": 4.461341857910156,
        "loss_sink": 0.17970821261405945,
        "loss_tv": 0.005577185191214085,
        "target_forget_prob": 0.004029671661555767,
        "oracle_forget_prob": 1.990993592215773e-09,
        "oracle_contrast_gap": 0.004029669670562175,
        "resurrection_acc": 0.0,
        "resurrection_loss": 6.745518803596497,
        "epoch": 0.0
      },
      {
        "train_loss": 13.309471130371094,
        "loss_forget": 6.325261116027832,
        "loss_retain": 0.3882100582122803,
        "loss_oracle": 2.294652245993234e-09,
        "loss_proto": 0.0757494792342186,
        "loss_final_probe": 4.243861675262451,
        "loss_token_probe": 4.462894916534424,
        "loss_sink": 0.17797915637493134,
        "loss_tv": 0.04465312510728836,
        "target_forget_prob": 0.00853271409869194,
        "oracle_forget_prob": 2.294652245993234e-09,
        "oracle_contrast_gap": 0.008532711804039694,
        "resurrection_acc": 0.0,
        "resurrection_loss": 6.378403663635254,
        "epoch": 10.0
      },
      {
        "train_loss": 13.037004470825195,
        "loss_forget": 6.222063064575195,
        "loss_retain": 0.3302460014820099,
        "loss_oracle": 2.5381464291429623e-11,
        "loss_proto": 0.06678247451782227,
        "loss_final_probe": 4.147937774658203,
        "loss_token_probe": 4.4533796310424805,
        "loss_sink": 0.17076508700847626,
        "loss_tv": 0.05939411371946335,
        "target_forget_prob": 0.007788870949298143,
        "oracle_forget_prob": 2.5381464291429623e-11,
        "oracle_contrast_gap": 0.007788870923916679,
        "resurrection_acc": 0.002,
        "resurrection_loss": 6.030774712562561,
        "epoch": 20.0
      },
      {
        "train_loss": 12.519221305847168,
        "loss_forget": 5.648709297180176,
        "loss_retain": 0.4398798942565918,
        "loss_oracle": 1.3117335342927028e-11,
        "loss_proto": 0.06650631129741669,
        "loss_final_probe": 4.091212749481201,
        "loss_token_probe": 4.459564685821533,
        "loss_sink": 0.1697978973388672,
        "loss_tv": 0.06821298599243164,
        "target_forget_prob": 0.01805415004491806,
        "oracle_forget_prob": 1.3117335342927028e-11,
        "oracle_contrast_gap": 0.018054150031800727,
        "resurrection_acc": 0.002,
        "resurrection_loss": 5.898379921913147,
        "epoch": 30.0
      },
      {
        "train_loss": 12.333460807800293,
        "loss_forget": 5.524104118347168,
        "loss_retain": 0.4499601125717163,
        "loss_oracle": 7.965768322737432e-11,
        "loss_proto": 0.07095874845981598,
        "loss_final_probe": 4.0195417404174805,
        "loss_token_probe": 4.444360733032227,
        "loss_sink": 0.18389081954956055,
        "loss_tv": 0.07427893579006195,
        "target_forget_prob": 0.013134795241057873,
        "oracle_forget_prob": 7.965768322737432e-11,
        "oracle_contrast_gap": 0.01313479516140019,
        "resurrection_acc": 0.002,
        "resurrection_loss": 5.678212642669678,
        "epoch": 40.0
      },
      {
        "train_loss": 13.076122283935547,
        "loss_forget": 6.0613484382629395,
        "loss_retain": 0.5779002904891968,
        "loss_oracle": 4.30858385807361e-14,
        "loss_proto": 0.08250080049037933,
        "loss_final_probe": 4.074310779571533,
        "loss_token_probe": 4.467281818389893,
        "loss_sink": 0.18252579867839813,
        "loss_tv": 0.07899988442659378,
        "target_forget_prob": 0.00978644099086523,
        "oracle_forget_prob": 4.30858385807361e-14,
        "oracle_contrast_gap": 0.009786440990822145,
        "resurrection_acc": 0.003,
        "resurrection_loss": 5.505070447921753,
        "epoch": 50.0
      },
      {
        "train_loss": 11.792583465576172,
        "loss_forget": 5.0015764236450195,
        "loss_retain": 0.6150648593902588,
        "loss_oracle": 1.3246265195832052e-11,
        "loss_proto": 0.0674281194806099,
        "loss_final_probe": 3.8544702529907227,
        "loss_token_probe": 4.414776802062988,
        "loss_sink": 0.18333786725997925,
        "loss_tv": 0.0821489542722702,
        "target_forget_prob": 0.014890575781464577,
        "oracle_forget_prob": 1.3246265195832052e-11,
        "oracle_contrast_gap": 0.014890575768218312,
        "resurrection_acc": 0.005,
        "resurrection_loss": 5.4335633516311646,
        "epoch": 60.0
      },
      {
        "train_loss": 12.177942276000977,
        "loss_forget": 5.216798305511475,
        "loss_retain": 0.6464716196060181,
        "loss_oracle": 5.92406887434116e-11,
        "loss_proto": 0.05902474373579025,
        "loss_final_probe": 3.9949283599853516,
        "loss_token_probe": 4.443044185638428,
        "loss_sink": 0.15338686108589172,
        "loss_tv": 0.0850575789809227,
        "target_forget_prob": 0.010349376127123833,
        "oracle_forget_prob": 5.92406887434116e-11,
        "oracle_contrast_gap": 0.010349376067883144,
        "resurrection_acc": 0.006,
        "resurrection_loss": 5.350597143173218,
        "epoch": 70.0
      },
      {
        "train_loss": 10.994759559631348,
        "loss_forget": 4.613122940063477,
        "loss_retain": 0.37951111793518066,
        "loss_oracle": 1.6169923473113856e-12,
        "loss_proto": 0.05513906478881836,
        "loss_final_probe": 3.7055797576904297,
        "loss_token_probe": 4.388923645019531,
        "loss_sink": 0.1842620074748993,
        "loss_tv": 0.08795641362667084,
        "target_forget_prob": 0.023952532559633255,
        "oracle_forget_prob": 1.6169923473113856e-12,
        "oracle_contrast_gap": 0.023952532558016264,
        "resurrection_acc": 0.007,
        "resurrection_loss": 5.258946895599365,
        "epoch": 80.0
      },
      {
        "train_loss": 12.205347061157227,
        "loss_forget": 5.3525071144104,
        "loss_retain": 0.4871094822883606,
        "loss_oracle": 3.1183135500850723e-12,
        "loss_proto": 0.03447899967432022,
        "loss_final_probe": 4.069269180297852,
        "loss_token_probe": 4.438033103942871,
        "loss_sink": 0.16824285686016083,
        "loss_tv": 0.09044551849365234,
        "target_forget_prob": 0.010736040771007538,
        "oracle_forget_prob": 3.1183135500850723e-12,
        "oracle_contrast_gap": 0.010736040767889225,
        "resurrection_acc": 0.008,
        "resurrection_loss": 5.2168519496917725,
        "epoch": 90.0
      },
      {
        "train_loss": 12.434608459472656,
        "loss_forget": 5.439439296722412,