{
  "forget": {
    "n_blocks_with_signal": 58,
    "median_corr": -0.6420736869847504,
    "frac_negative": 0.9655172413793104,
    "frac_strong_neg": 0.8275862068965517
  },
  "retain": {
    "n_blocks_with_signal": 7,
    "median_corr": -0.44944847996733606,
    "frac_negative": 0.8571428571428571
  },
  "margin_spread_vs_selectivity": {
    "n": 55,
    "pearson_r": 0.26970851612521957
  }
}