{
  "meta": {
    "seed": 42,
    "split": "test",
    "dataset": "cifar10",
    "model": "vit_tiny",
    "forget_class": 0,
    "model_suites": [
      "unlearn_scrub_distill_vit_cifar10_forget0",
      "unlearn_scrub_feature_subspace_stage2_vit_cifar10_forget0_proto"
    ],
    "norm": "l_inf",
    "eps_max": 0.03137254901960784,
    "steps": 40,
    "restarts": 4,
    "search_steps": 1,
    "attack_loss": "adam_margin",
    "oracle_feature_weight": 0.5,
    "apgd_rho": 0.5,
    "apgd_momentum": 0.75,
    "bundle_margin_gate": -3.0,
    "debug_attack_geometry": false,
    "debug_max_samples": 2,
    "debug_max_steps": 20,
    "debug_topk": 5
  },
  "forget_recovery": {
    "unlearn_scrub_distill_vit_cifar10_forget0": {
      "summary": {
        "n_samples": 8,
        "success_rate": 1.0,
        "clean_success_rate": 0.0,
        "median_radius": 0.007843137718737125,
        "mean_radius": 0.010049019940197468,
        "min_radius": 0.0058823530562222,
        "max_radius": 0.01568627543747425,
        "p25_radius": 0.007843137718737125,
        "p75_radius": 0.0117647061124444,
        "mean_target_prob_gain": 0.9170071482658386,
        "median_target_prob_gain": 0.9998890161514282
      },
      "per_sample": [
        {
          "success": true,
          "clean_success": false,
          "radius": 0.011764705882352941,
          "actual_delta": 0.011764734983444214,
          "clean_target_prob": 3.805336163712233e-20,
          "adv_target_prob": 0.9999997615814209,
          "adv_pred": 0,
          "sample_index": 0
        },
        {
          "success": true,
          "clean_success": false,
          "radius": 0.00784313725490196,
          "actual_delta": 0.007843166589736938,
          "clean_target_prob": 8.822156270431714e-19,
          "adv_target_prob": 0.3462658226490021,
          "adv_pred": 0,
          "sample_index": 1
        },
        {
          "success": true,
          "clean_success": false,
          "radius": 0.011764705882352941,
          "actual_delta": 0.011764734983444214,
          "clean_target_prob": 1.393143533022462e-19,
          "adv_target_prob": 0.9913977384567261,
          "adv_pred": 0,
          "sample_index": 2
        },
        {
          "success": true,
          "clean_success": false,
          "radius": 0.0058823529411764705,
          "actual_delta": 0.005882382392883301,
          "clean_target_prob": 1.1325309607800786e-16,
          "adv_target_prob": 0.9985066056251526,
          "adv_pred": 0,
          "sample_index": 3
        },
        {
          "success": true,
          "clean_success": false,
          "radius": 0.01568627450980392,
          "actual_delta": 0.01568630337715149,
          "clean_target_prob": 3.236907043020563e-18,
          "adv_target_prob": 1.0,
          "adv_pred": 0,
          "sample_index": 4
        },
        {
          "success": true,
          "clean_success": false,
          "radius": 0.00784313725490196,
          "actual_delta": 0.007843166589736938,
          "clean_target_prob": 4.341877756133319e-19,
          "adv_target_prob": 0.9998890161514282,
          "adv_pred": 0,
          "sample_index": 5
        },
        {
          "success": true,
          "clean_success": false,
          "radius": 0.00784313725490196,
          "actual_delta": 0.007843166589736938,
          "clean_target_prob": 5.0091556502038996e-17,
          "adv_target_prob": 0.9999985694885254,
          "adv_pred": 0,
          "sample_index": 6
        },
        {
          "success": true,
          "clean_success": false,
          "radius": 0.011764705882352941,
          "actual_delta": 0.011764734983444214,
          "clean_target_prob": 2.202423181638018e-19,
          "adv_target_prob": 1.0,
          "adv_pred": 0,
          "sample_index": 7
        }
      ]
    },
    "unlearn_scrub_feature_subspace_stage2_vit_cifar10_forget0_proto": {
      "summary": {
        "n_samples": 8,
        "success_rate": 1.0,
        "clean_success_rate": 0.0,
        "median_radius": 0.0117647061124444,
        "mean_radius": 0.009803921915590763,
        "min_radius": 0.0058823530562222,
        "max_radius": 0.0117647061124444,
        "p25_radius": 0.007352941669523716,
        "p75_radius": 0.0117647061124444,
        "mean_target_prob_gain": 0.8703885674476624,
        "median_target_prob_gain": 0.9987836480140686
      },
      "per_sample": [
        {
          "success": true,
          "clean_success": false,
          "radius": 0.011764705882352941,
          "actual_delta": 0.011764734983444214,
          "clean_target_prob": 3.908031282995545e-20,
          "adv_target_prob": 0.9999998807907104,
          "adv_pred": 0,
          "sample_index": 0
        },
        {
          "success": true,
          "clean_success": false,
          "radius": 0.011764705882352941,
          "actual_delta": 0.011764734983444214,
          "clean_target_prob": 9.746297960412442e-19,
          "adv_target_prob": 1.0,
          "adv_pred": 0,
          "sample_index": 1
        },
        {
          "success": true,
          "clean_success": false,
          "radius": 0.011764705882352941,
          "actual_delta": 0.011764734983444214,
          "clean_target_prob": 1.677218681123339e-19,
          "adv_target_prob": 0.9193189740180969,
          "adv_pred": 0,
          "sample_index": 2
        },
        {
          "success": true,
          "clean_success": false,
          "radius": 0.0058823529411764705,
          "actual_delta": 0.005882382392883301,
          "clean_target_prob": 1.5664174999617856e-16,
          "adv_target_prob": 0.9987836480140686,
          "adv_pred": 0,
          "sample_index": 3
        },
        {
          "success": true,
          "clean_success": false,
          "radius": 0.011764705882352941,
          "actual_delta": 0.011764734983444214,
          "clean_target_prob": 3.634714329619259e-18,
          "adv_target_prob": 0.7376734018325806,
          "adv_pred": 0,
          "sample_index": 4
        },
        {
          "success": true,
          "clean_success": false,
          "radius": 0.00784313725490196,
          "actual_delta": 0.007843166589736938,
          "clean_target_prob": 4.880049734466445e-19,
          "adv_target_prob": 0.9999537467956543,
          "adv_pred": 0,
          "sample_index": 5
        },
        {
          "success": true,
          "clean_success": false,
          "radius": 0.0058823529411764705,
          "actual_delta": 0.005882382392883301,
          "clean_target_prob": 5.415489928147098e-17,
          "adv_target_prob": 0.3073785603046417,
          "adv_pred": 0,
          "sample_index": 6
        },
        {
          "success": true,
          "clean_success": false,
          "radius": 0.011764705882352941,
          "actual_delta": 0.011764734983444214,
          "clean_target_prob": 2.3093024131041703e-19,
          "adv_target_prob": 1.0,
          "adv_pred": 0,
          "sample_index": 7
        }
      ]
    }
  },
  "retain_control": {
    "unlearn_scrub_distill_vit_cifar10_forget0": {
      "summary": {
        "n_samples": 8,
        "success_rate": 1.0,
        "clean_success_rate": 0.0,
        "median_radius": 0.007843137718737125,
        "mean_radius": 0.009803921915590763,
        "min_radius": 0.0058823530562222,
        "max_radius": 0.01568627543747425,
        "p25_radius": 0.007352941669523716,
        "p75_radius": 0.0117647061124444,
        "mean_target_prob_gain": 0.9066710472106934,
        "median_target_prob_gain": 0.9999306201934814
      },
      "per_sample": [
        {
          "success": true,
          "clean_success": false,
          "radius": 0.011764705882352941,
          "actual_delta": 0.011764734983444214,
          "clean_target_prob": 9.254116550639378e-23,
          "adv_target_prob": 0.9999878406524658,
          "adv_pred": 0,
          "sample_index": 0
        },
        {
          "success": true,