{
  "meta": {
    "seed": 42,
    "split": "test",
    "dataset": "cifar10",
    "model": "vit_tiny",
    "forget_class": 0,
    "model_suites": [
      "unlearn_ceu_patch_stage2_vit_cifar10_forget0_proto"
    ],
    "norm": "l_inf",
    "eps_max": 0.03137254901960784,
    "steps": 2,
    "restarts": 1,
    "search_steps": 6,
    "attack_loss": "adam_margin",
    "oracle_feature_weight": 0.5,
    "apgd_rho": 0.5,
    "apgd_momentum": 0.75,
    "bundle_margin_gate": -3.0,
    "debug_attack_geometry": false,
    "debug_max_samples": 2,
    "debug_max_steps": 20,
    "debug_topk": 5
  },
  "forget_recovery": {
    "unlearn_ceu_patch_stage2_vit_cifar10_forget0_proto": {
      "summary": {
        "n_samples": 4,
        "success_rate": 0.75,
        "clean_success_rate": 0.0,
        "median_radius": 0.003216911805793643,
        "mean_radius": 0.012285538949072361,
        "min_radius": 0.002512254985049367,
        "max_radius": 0.031127450987696648,
        "p25_radius": 0.002864583395421505,
        "p75_radius": 0.017172180116176605,
        "mean_target_prob_gain": 0.2422325313091278,
        "median_target_prob_gain": 0.19319993257522583
      },
      "per_sample": [
        {
          "success": false,
          "clean_success": false,
          "radius": null,
          "actual_delta": 0.03137257695198059,
          "clean_target_prob": 1.1322763384669088e-05,
          "adv_target_prob": 0.002841306384652853,
          "adv_pred": 8,
          "sample_index": 0
        },
        {
          "success": true,
          "clean_success": false,
          "radius": 0.002512254901960784,
          "actual_delta": 0.0025122761726379395,
          "clean_target_prob": 0.0001520041550975293,
          "adv_target_prob": 0.19335193932056427,
          "adv_pred": 0,
          "sample_index": 1
        },
        {
          "success": true,
          "clean_success": false,
          "radius": 0.031127450980392157,
          "actual_delta": 0.031127452850341797,
          "clean_target_prob": 6.697335720673436e-06,
          "adv_target_prob": 0.3638099730014801,
          "adv_pred": 0,
          "sample_index": 2
        },
        {
          "success": true,
          "clean_success": false,
          "radius": 0.003216911764705882,
          "actual_delta": 0.0032169222831726074,
          "clean_target_prob": 0.0009265053668059409,
          "adv_target_prob": 0.4100234806537628,
          "adv_pred": 0,
          "sample_index": 3
        }
      ]
    }
  },
  "retain_control": {
    "unlearn_ceu_patch_stage2_vit_cifar10_forget0_proto": {
      "summary": {
        "n_samples": 4,
        "success_rate": 0.0,
        "clean_success_rate": 0.0,
        "median_radius": NaN,
        "mean_radius": NaN,
        "min_radius": NaN,
        "max_radius": NaN,
        "p25_radius": NaN,
        "p75_radius": NaN,
        "mean_target_prob_gain": 0.044984787702560425,
        "median_target_prob_gain": 6.711989408358932e-05
      },
      "per_sample": [
        {
          "success": false,
          "clean_success": false,
          "radius": null,
          "actual_delta": 0.03137257695198059,
          "clean_target_prob": 1.3544853566962273e-16,
          "adv_target_prob": 8.667705060361186e-07,
          "adv_pred": 1,
          "sample_index": 0
        },
        {
          "success": false,
          "clean_success": false,
          "radius": null,
          "actual_delta": 0.03137257695198059,
          "clean_target_prob": 2.7675247076669462e-12,
          "adv_target_prob": 0.0002551739162299782,
          "adv_pred": 1,
          "sample_index": 1
        },
        {
          "success": false,
          "clean_success": false,
          "radius": null,
          "actual_delta": 0.03137257695198059,
          "clean_target_prob": 5.361036059525759e-08,
          "adv_target_prob": 0.1796160489320755,
          "adv_pred": 8,
          "sample_index": 2
        },
        {
          "success": false,
          "clean_success": false,
          "radius": null,
          "actual_delta": 0.03137257695198059,
          "clean_target_prob": 2.7172851358631437e-16,
          "adv_target_prob": 6.711989408358932e-05,
          "adv_pred": 2,
          "sample_index": 3
        }
      ]
    }
  }
}