{
  "meta": {
    "seed": 42,
    "split": "test",
    "dataset": "cifar10",
    "model": "vit_tiny",
    "forget_class": 0,
    "model_suites": [
      "unlearn_baldro_margin_guard_vit_cifar10_forget0_smoke"
    ],
    "norm": "l_inf",
    "eps_max": 0.03137254901960784,
    "steps": 20,
    "restarts": 2,
    "search_steps": 6,
    "attack_loss": "adam_margin",
    "oracle_feature_weight": 0.5,
    "apgd_rho": 0.5,
    "apgd_momentum": 0.75,
    "bundle_margin_gate": -3.0,
    "debug_attack_geometry": false,
    "debug_max_samples": 2,
    "debug_max_steps": 20,
    "debug_topk": 5
  },
  "forget_recovery": {
    "unlearn_baldro_margin_guard_vit_cifar10_forget0_smoke": {
      "summary": {
        "n_samples": 16,
        "success_rate": 1.0,
        "clean_success_rate": 0.125,
        "median_radius": 0.0006740196258760989,
        "mean_radius": 0.0010206036968156695,
        "min_radius": 0.0,
        "max_radius": 0.0033088235650211573,
        "p25_radius": 0.0005055147339589894,
        "p75_radius": 0.0013863358180969954,
        "mean_target_prob_gain": 0.30125659704208374,
        "median_target_prob_gain": 0.26218175888061523
      },
      "per_sample": [
        {
          "success": true,
          "clean_success": false,
          "radius": 0.0017463235294117646,
          "actual_delta": 0.0017463266849517822,
          "clean_target_prob": 3.193449811078608e-05,
          "adv_target_prob": 0.4406062364578247,
          "adv_pred": 0,
          "sample_index": 0
        },
        {
          "success": true,
          "clean_success": false,
          "radius": 0.000704656862745098,
          "actual_delta": 0.0007046610116958618,
          "clean_target_prob": 0.011107274331152439,
          "adv_target_prob": 0.46221140027046204,
          "adv_pred": 0,
          "sample_index": 1
        },
        {
          "success": true,
          "clean_success": false,
          "radius": 0.0005208333333333333,
          "actual_delta": 0.0005208402872085571,
          "clean_target_prob": 0.25165843963623047,
          "adv_target_prob": 0.5138401985168457,
          "adv_pred": 0,
          "sample_index": 2
        },
        {
          "success": true,
          "clean_success": false,
          "radius": 0.0005514705882352941,
          "actual_delta": 0.0005514770746231079,
          "clean_target_prob": 0.012773827649652958,
          "adv_target_prob": 0.334730863571167,
          "adv_pred": 0,
          "sample_index": 3
        },
        {
          "success": true,
          "clean_success": false,
          "radius": 0.00045955882352941176,
          "actual_delta": 0.00045955926179885864,
          "clean_target_prob": 0.14267463982105255,
          "adv_target_prob": 0.5153452157974243,
          "adv_pred": 0,
          "sample_index": 4
        },
        {
          "success": true,
          "clean_success": false,
          "radius": 0.0022977941176470585,
          "actual_delta": 0.002297818660736084,
          "clean_target_prob": 1.577219688186915e-09,
          "adv_target_prob": 0.24318186938762665,
          "adv_pred": 0,
          "sample_index": 5
        },
        {
          "success": true,
          "clean_success": true,
          "radius": 0.0,
          "actual_delta": 0.0,
          "clean_target_prob": 0.5542106628417969,
          "adv_target_prob": 0.5542106628417969,
          "adv_pred": 0,
          "sample_index": 6
        },
        {
          "success": true,
          "clean_success": false,
          "radius": 0.00030637254901960784,
          "actual_delta": 0.00030637532472610474,
          "clean_target_prob": 0.09011787921190262,
          "adv_target_prob": 0.5167196989059448,
          "adv_pred": 0,
          "sample_index": 7
        },
        {
          "success": true,
          "clean_success": false,
          "radius": 0.0015931372549019608,
          "actual_delta": 0.0015931427478790283,
          "clean_target_prob": 0.0011632872046902776,
          "adv_target_prob": 0.25544053316116333,
          "adv_pred": 0,
          "sample_index": 8
        },
        {
          "success": true,
          "clean_success": false,
          "radius": 0.0010416666666666667,
          "actual_delta": 0.0010416805744171143,
          "clean_target_prob": 0.008446119725704193,
          "adv_target_prob": 0.5033659934997559,
          "adv_pred": 0,
          "sample_index": 9
        },
        {
          "success": true,
          "clean_success": true,
          "radius": 0.0,
          "actual_delta": 0.0,
          "clean_target_prob": 0.999196469783783,
          "adv_target_prob": 0.999196469783783,
          "adv_pred": 0,
          "sample_index": 10
        },
        {
          "success": true,
          "clean_success": false,
          "radius": 0.0006740196078431372,
          "actual_delta": 0.000674024224281311,
          "clean_target_prob": 0.0026977520901709795,
          "adv_target_prob": 0.33109384775161743,
          "adv_pred": 0,
          "sample_index": 11
        },
        {
          "success": true,
          "clean_success": false,
          "radius": 0.0033088235294117647,
          "actual_delta": 0.0033088326454162598,
          "clean_target_prob": 7.100660337489018e-11,
          "adv_target_prob": 0.23477338254451752,
          "adv_pred": 0,
          "sample_index": 12
        },
        {
          "success": true,
          "clean_success": false,
          "radius": 0.0013174019607843138,
          "actual_delta": 0.0013174116611480713,
          "clean_target_prob": 7.616315997438505e-05,
          "adv_target_prob": 0.2384437620639801,
          "adv_pred": 0,
          "sample_index": 13
        },
        {
          "success": true,
          "clean_success": false,
          "radius": 0.0006433823529411765,
          "actual_delta": 0.0006433874368667603,
          "clean_target_prob": 0.004358537960797548,
          "adv_target_prob": 0.5084898471832275,
          "adv_pred": 0,
          "sample_index": 14
        },
        {
          "success": true,
          "clean_success": false,
          "radius": 0.0011642156862745098,
          "actual_delta": 0.0011642277240753174,
          "clean_target_prob": 0.001353464089334011,
          "adv_target_prob": 0.24832184612751007,
          "adv_pred": 0,
          "sample_index": 15
        }
      ]
    }
  },
  "retain_control": {
    "unlearn_baldro_margin_guard_vit_cifar10_forget0_smoke": {
      "summary": {
        "n_samples": 16,
        "success_rate": 1.0,
        "clean_success_rate": 0.0,
        "median_radius": 0.005330882500857115,
        "mean_radius": 0.005449601914733648,
        "min_radius": 0.002512254985049367,
        "max_radius": 0.0072916666977107525,
        "p25_radius": 0.004779411945492029,
        "p75_radius": 0.00637254910543561,
        "mean_target_prob_gain": 0.3472149074077606,
        "median_target_prob_gain": 0.34265807271003723
      },
      "per_sample": [
        {
          "success": true,
          "clean_success": false,
          "radius": 0.005575980392156862,
          "actual_delta": 0.005575984716415405,
          "clean_target_prob": 2.0578677861252415e-18,
          "adv_target_prob": 0.27835896611213684,
          "adv_pred": 0,
          "sample_index": 0
        },
        {
          "success": true,
          "clean_success": false,
          "radius": 0.005208333333333334,
          "actual_delta": 0.005208343267440796,
          "clean_target_prob": 7.013246320491939e-13,
          "adv_target_prob": 0.39682358503341675,
          "adv_pred": 0,
          "sample_index": 1
        },
        {
          "success": true,
          "clean_success": false,
          "radius": 0.002512254901960784,
          "actual_delta": 0.0025122761726379395,
          "clean_target_prob": 1.4128559655546269e-08,
          "adv_target_prob": 0.3680441677570343,
          "adv_pred": 0,