{
  "meta": {
    "seed": 42,
    "split": "test",
    "dataset": "cifar10",
    "model": "vit_tiny",
    "forget_class": 0,
    "model_suites": [
      "unlearn_orbit_vit_cifar10_forget0"
    ],
    "norm": "l_inf",
    "eps_max": 0.03137254901960784,
    "steps": 12,
    "restarts": 1,
    "search_steps": 6,
    "attack_loss": "logit_bundle_hybrid",
    "oracle_feature_weight": 0.5,
    "apgd_rho": 0.5,
    "apgd_momentum": 0.75,
    "debug_attack_geometry": true,
    "debug_max_samples": 2,
    "debug_max_steps": 12,
    "debug_topk": 5,
    "geometry_log_path": "results/logs/attack_geometry_cifar10_vit_tiny_forget0_seed_42_test_with_retain_logit_bundle_hybrid_orbit.jsonl"
  },
  "forget_recovery": {
    "unlearn_orbit_vit_cifar10_forget0": {
      "summary": {
        "n_samples": 4,
        "success_rate": 1.0,
        "clean_success_rate": 0.0,
        "median_radius": 0.0033088235650211573,
        "mean_radius": 0.004044117871671915,
        "min_radius": 0.0026960785035043955,
        "max_radius": 0.005821078550070524,
        "p25_radius": 0.003155637299641967,
        "p75_radius": 0.004718137439340353,
        "mean_target_prob_gain": 0.2924799621105194,
        "median_target_prob_gain": 0.2076224982738495
      },
      "per_sample": [
        {
          "success": true,
          "clean_success": false,
          "radius": 0.0043504901960784315,
          "actual_delta": 0.004350513219833374,
          "clean_target_prob": 0.0008726023370400071,
          "adv_target_prob": 0.22648608684539795,
          "adv_pred": 0,
          "sample_index": 0
        },
        {
          "success": true,
          "clean_success": false,
          "radius": 0.0033088235294117647,
          "actual_delta": 0.0033088326454162598,
          "clean_target_prob": 0.00014861481031402946,
          "adv_target_prob": 0.1982579529285431,
          "adv_pred": 0,
          "sample_index": 1
        },
        {
          "success": true,
          "clean_success": false,
          "radius": 0.005821078431372549,
          "actual_delta": 0.0058210790157318115,
          "clean_target_prob": 8.997413715405855e-06,
          "adv_target_prob": 0.538583517074585,
          "adv_pred": 0,
          "sample_index": 2
        },
        {
          "success": true,
          "clean_success": false,
          "radius": 0.002696078431372549,
          "actual_delta": 0.002696096897125244,
          "clean_target_prob": 0.004359430633485317,
          "adv_target_prob": 0.21198192238807678,
          "adv_pred": 0,
          "sample_index": 3
        }
      ]
    }
  },
  "retain_control": {
    "unlearn_orbit_vit_cifar10_forget0": {
      "summary": {
        "n_samples": 4,
        "success_rate": 1.0,
        "clean_success_rate": 0.0,
        "median_radius": 0.0066176471300423145,
        "mean_radius": 0.00729166716337204,
        "min_radius": 0.004044117871671915,
        "max_radius": 0.009436274878680706,
        "p25_radius": 0.005974264815449715,
        "p75_radius": 0.009160539135336876,
        "mean_target_prob_gain": 0.32941150665283203,
        "median_target_prob_gain": 0.3440389633178711
      },
      "per_sample": [
        {
          "success": true,
          "clean_success": false,
          "radius": 0.006617647058823529,
          "actual_delta": 0.0066176652908325195,
          "clean_target_prob": 2.5853402196309404e-15,
          "adv_target_prob": 0.2294042855501175,
          "adv_pred": 0,
          "sample_index": 0
        },
        {
          "success": true,
          "clean_success": false,
          "radius": 0.009068627450980391,
          "actual_delta": 0.00906863808631897,
          "clean_target_prob": 7.776833343964284e-11,
          "adv_target_prob": 0.3598195016384125,
          "adv_pred": 0,
          "sample_index": 1
        },
        {
          "success": true,
          "clean_success": false,
          "radius": 0.004044117647058823,
          "actual_delta": 0.004044145345687866,
          "clean_target_prob": 2.1292113672188862e-07,
          "adv_target_prob": 0.3440391719341278,
          "adv_pred": 0,
          "sample_index": 2
        },
        {
          "success": true,
          "clean_success": false,
          "radius": 0.009436274509803923,
          "actual_delta": 0.009436279535293579,
          "clean_target_prob": 1.8163005838521583e-15,
          "adv_target_prob": 0.38438329100608826,
          "adv_pred": 0,
          "sample_index": 3
        }
      ]
    }
  },
  "geometry_debug_summary": {
    "unlearn_orbit_vit_cifar10_forget0::forget": {
      "n_rows": 204.0,
      "mean_margin": -2.007660212177856,
      "mean_target_prob": 0.1346850041305765,
      "mean_cos_margin_bundle": 0.39727058227936823,
      "mean_pred_gain_margin": 11.223446462668624,
      "mean_pred_gain_bundle": 4.097424923204908,
      "mean_pred_gain_hybrid": 6.6215156261243076,
      "mean_actual_margin_gain": 0.6204707663433224,
      "mean_preproj_postproj_cos": 0.43209752623064845,
      "mean_projection_ratio": 0.4225888786947026,
      "mean_jacobian_eff_rank": 6.266173290271385,
      "mean_jacobian_top1_mass": 0.3446379572737451,
      "mean_jacobian_top3_mass": 0.6808311007186478,
      "competitor_switch_rate": 0.6951871657754011
    },
    "unlearn_orbit_vit_cifar10_forget0::retain": {
      "n_rows": 228.0,
      "mean_margin": -8.420849007766758,
      "mean_target_prob": 0.0831660068626108,
      "mean_cos_margin_bundle": 0.5528038851239464,
      "mean_pred_gain_margin": 13.841903498298244,
      "mean_pred_gain_bundle": 7.228820025920868,
      "mean_pred_gain_hybrid": 10.133930177280778,
      "mean_actual_margin_gain": 2.096247458013526,
      "mean_preproj_postproj_cos": 0.48829801722119254,
      "mean_projection_ratio": 0.4663666916619006,
      "mean_jacobian_eff_rank": 7.087931846317492,
      "mean_jacobian_top1_mass": 0.27095817748391837,
      "mean_jacobian_top3_mass": 0.630055341281389,
      "competitor_switch_rate": 0.507177033492823
    }
  }
}