{
  "observed": {
    "corr_S_logF": -0.2466937387430252,
    "elasticity_b": 1.3102532535942144
  },
  "permutation_null": {
    "p_corr": 0.012899355032248387,
    "p_elasticity_b_vs_1": 0.012899355032248387,
    "n_perm": 20000,
    "note": "b=1 <=> confound=0 (S=logR-logF), so one test covers both"
  },
  "leave_one_method_out": {
    "corr": {
      "baldro": -0.25075859553486657,
      "ceu": -0.24876665941609105,
      "falw": -0.2560158869104759,
      "kl": -0.2639620318177703,
      "oracle": -0.2327278703610116,
      "orbit": -0.25589942008818484,
      "orthoreg": -0.24696334120382024,
      "rurk": -0.24003994999764255,
      "salun": -0.20212731674869577,
      "scrub": -0.25472463290845554,
      "sga": -0.24367706335533618,
      "smoothed_margin": -0.28005160296635895
    },
    "elasticity_b": {
      "baldro": 1.312005788448142,
      "ceu": 1.3145958050826758,
      "falw": 1.2866319342890815,
      "kl": 1.3374531395784324,
      "oracle": 1.2916071401056042,
      "orbit": 1.333246900383512,
      "orthoreg": 1.3097087135780057,
      "rurk": 1.2931490157719114,
      "salun": 1.2034053759261476,
      "scrub": 1.2993089527099662,
      "sga": 1.303483448870831,
      "smoothed_margin": 1.5841614430239184
    },
    "corr_sign_stable": true,
    "b_gt_1_stable": true
  },
  "robust_estimators": {
    "theil_sen_b": 1.737302203135795,
    "trimmed_corr": -0.374739499995338,
    "trimmed_b": 1.6119475385638387
  },
  "fragility_outlier_trim_5_95": {
    "corr": -0.47346764269774144,
    "b": 2.4197389902025637
  },
  "per_seed_replication": {
    "123": {
      "n": 37,
      "corr": -0.34997305712930876,
      "elasticity_b": 1.6431090208846972
    },
    "42": {
      "n": 89,
      "corr": -0.24161757818348775,
      "elasticity_b": 1.2776533598678337
    },
    "456": {
      "n": 6,
      "corr": -0.6287121371391744,
      "elasticity_b": 1.5523382106632981
    }
  }
}