{
  "seeds": {
    "42": {
      "n_forget": 128,
      "n_retain": 128,
      "scrub_forget_median": 0.0025428921568627447,
      "scrub_retain_median": 0.005238970588235295,
      "scrub_ratio": 0.4853801169590642,
      "scrub_ratio_ci95": [
        0.4204545454545454,
        0.5357250430292597
      ],
      "oracle_forget_median": 0.008700980392156863,
      "oracle_retain_median": 0.00827205882352941,
      "oracle_ratio": 1.051851851851852,
      "selective_excess_over_null": 0.46145292809488486,
      "pF_at_eps": 1.0,
      "pR_at_eps": 1.0
    },
    "123": {
      "n_forget": 123,
      "n_retain": 127,
      "scrub_forget_median": 0.011151960784313724,
      "scrub_retain_median": 0.009191176470588234,
      "scrub_ratio": 1.2133333333333334,
      "scrub_ratio_ci95": [
        1.0657894736842104,
        1.357142857142857
      ],
      "oracle_forget_median": 0.01764705882352941,
      "oracle_retain_median": 0.017892156862745097,
      "oracle_ratio": 0.9863013698630138,
      "selective_excess_over_null": 1.230185185185185,
      "pF_at_eps": 0.9609375,
      "pR_at_eps": 0.9921875
    },
    "456": {
      "n_forget": 119,
      "n_retain": 126,
      "scrub_forget_median": 0.012132352941176469,
      "scrub_retain_median": 0.012316176470588237,
      "scrub_ratio": 0.9850746268656714,
      "scrub_ratio_ci95": [
        0.8288288288288288,
        1.2238805970149251
      ],
      "oracle_forget_median": 0.011151960784313724,
      "oracle_retain_median": 0.011274509803921568,
      "oracle_ratio": 0.9891304347826085,
      "selective_excess_over_null": 0.9958996227652943,
      "pF_at_eps": 0.9296875,
      "pR_at_eps": 0.984375
    }
  },
  "meta": {
    "eps_max": 0.03137254901960784
  },
  "representation_seed_42": {
    "base": {
      "inter_class_cosine": -0.17396727204322815,
      "forget_variance": 22.54970359802246,
      "retain_variance": 89.12139129638672
    },
    "oracle": {
      "inter_class_cosine": 0.9355902075767517,
      "forget_variance": 35.42086410522461,
      "retain_variance": 71.18843078613281,
      "cka_vs_base": 0.8223066926002502
    },
    "scrub": {
      "inter_class_cosine": 0.9722453951835632,
      "forget_variance": 13.859211921691895,
      "retain_variance": 56.17817687988281,
      "cka_vs_base": 0.9276870489120483
    },
    "kl": {
      "inter_class_cosine": -0.009081065654754639,
      "forget_variance": 4.878700256347656,
      "retain_variance": 42.8239860534668,
      "cka_vs_base": 0.9513946175575256
    },
    "sga": {
      "inter_class_cosine": 0.9749575257301331,
      "forget_variance": 8.023972511291504,
      "retain_variance": 49.043113708496094,
      "cka_vs_base": 0.9210414886474609
    },
    "baldro": {
      "inter_class_cosine": 0.9427172541618347,
      "forget_variance": 22.35445213317871,
      "retain_variance": 56.75609588623047,
      "cka_vs_base": 0.9348475337028503
    }
  }
}