{
  "patch_dir": "checkpoints/tile_attack/tile_codebook_orbit_forget0_10shot_seed_42",
  "patch_seed": 42,
  "patch_info": {
    "artifact_type": "universal_tile",
    "forget_class": 0,
    "attack_config": {
      "image_size": 224,
      "tile_size": 16,
      "phase_grid": 2,
      "num_tiles": 4,
      "epsilon": 0.031372549,
      "spatial_gain": 12.0,
      "init_scale": 0.001,
      "epochs": 100,
      "lr": 0.05,
      "batch_size": 64,
      "eval_batch_size": 256,
      "target_class": 0,
      "k_shot": 10,
      "lambda_retain": 2.5,
      "T": 1.0,
      "eval_every": 10,
      "oracle_contrast_weight": 1.0,
      "oracle_contrast_margin": 0.05,
      "feature_mode": "harp",
      "forget_objective": "targeted_margin",
      "target_margin": 2.0,
      "forget_aggregation": "mean",
      "forget_aggregation_temperature": 12.0,
      "guidance_use_full_forget": true,
      "guidance_batch_size": 256,
      "max_forget_samples": 1024,
      "max_retain_samples": 2048,
      "probe_epochs": 150,
      "probe_lr": 0.01,
      "token_blocks": [
        0,
        5,
        11
      ],
      "prototype_weight": 1.0,
      "final_probe_weight": 1.0,
      "token_probe_weight": 0.05,
      "sink_weight": 0.0,
      "prototype_margin": 0.1,
      "final_probe_margin": 1.0,
      "token_probe_margin": 1.0,
      "delta_l2_weight": 1.5,
      "spectral_l1_weight": 0.02
    },
    "attack_history": [
      {
        "train_loss": 9.333637237548828,
        "loss_forget": 8.435042381286621,
        "loss_retain": 5.957490429864265e-07,
        "loss_oracle": 0.03952731192111969,
        "loss_proto": 0.16274134814739227,
        "loss_final_probe": 0.6547450423240662,
        "loss_token_probe": 0.8315684795379639,
        "loss_sink": 0.1894109547138214,
        "loss_delta_l2": 1.4076736931656342e-07,
        "loss_spectral_l1": 4.9928450607694685e-05,
        "target_forget_prob": 0.010472763329744339,
        "oracle_forget_prob": 7.294055848205971e-08,
        "oracle_contrast_gap": 0.010472690389185857,
        "resurrection_acc": 0.0,
        "resurrection_loss": 7.205473899841309,
        "eval_phase_offset_y": 0.0,
        "eval_phase_offset_x": 0.0,
        "epoch": 0.0
      },
      {
        "train_loss": 9.005992889404297,
        "loss_forget": 8.258554458618164,
        "loss_retain": 0.030080627650022507,
        "loss_oracle": 0.039796050637960434,
        "loss_proto": 0.12351682037115097,
        "loss_final_probe": 0.4627189338207245,
        "loss_token_probe": 0.8995383977890015,
        "loss_sink": 0.17519496381282806,
        "loss_delta_l2": 0.0007697868859395385,
        "loss_spectral_l1": 0.0036279133055359125,
        "target_forget_prob": 0.010203964076936245,
        "oracle_forget_prob": 1.3094740403118976e-08,
        "oracle_contrast_gap": 0.010203950982195842,
        "resurrection_acc": 0.002,
        "resurrection_loss": 6.3999924659729,
        "eval_phase_offset_y": 1.0,
        "eval_phase_offset_x": 1.0,
        "epoch": 10.0
      },
      {
        "train_loss": 8.668002128601074,
        "loss_forget": 7.570836544036865,
        "loss_retain": 0.08069479465484619,
        "loss_oracle": 0.04041169956326485,
        "loss_proto": 0.11375480145215988,
        "loss_final_probe": 0.695146381855011,
        "loss_token_probe": 0.893944501876831,
        "loss_sink": 0.18714480102062225,
        "loss_delta_l2": 0.0008939043036662042,
        "loss_spectral_l1": 0.003886360442265868,
        "target_forget_prob": 0.009588301181793213,
        "oracle_forget_prob": 2.991424608023152e-10,
        "oracle_contrast_gap": 0.009588300882650752,
        "resurrection_acc": 0.001,
        "resurrection_loss": 6.30427873134613,
        "eval_phase_offset_y": 0.0,
        "eval_phase_offset_x": 1.0,
        "epoch": 20.0
      },
      {
        "train_loss": 10.006251335144043,
        "loss_forget": 9.029241561889648,
        "loss_retain": 0.041326139122247696,
        "loss_oracle": 0.042799945920705795,
        "loss_proto": 0.14795449376106262,
        "loss_final_probe": 0.6295894980430603,
        "loss_token_probe": 1.037208080291748,
        "loss_sink": 0.175959512591362,
        "loss_delta_l2": 0.0009403290459886193,
        "loss_spectral_l1": 0.003980439156293869,
        "target_forget_prob": 0.007200054824352264,
        "oracle_forget_prob": 6.907683314238966e-10,
        "oracle_contrast_gap": 0.007200054133583933,
        "resurrection_acc": 0.001,
        "resurrection_loss": 6.270961880683899,
        "eval_phase_offset_y": 0.0,
        "eval_phase_offset_x": 1.0,
        "epoch": 30.0
      },
      {
        "train_loss": 8.589404106140137,
        "loss_forget": 7.8474273681640625,
        "loss_retain": 0.06802450865507126,
        "loss_oracle": 0.03797897696495056,
        "loss_proto": 0.11027707904577255,
        "loss_final_probe": 0.37755802273750305,
        "loss_token_probe": 0.8917728662490845,
        "loss_sink": 0.1896403729915619,
        "loss_delta_l2": 0.0009550378890708089,
        "loss_spectral_l1": 0.004006622824817896,
        "target_forget_prob": 0.012021024711430073,
        "oracle_forget_prob": 4.700911326871449e-10,
        "oracle_contrast_gap": 0.01202102424133894,
        "resurrection_acc": 0.001,
        "resurrection_loss": 6.297104597091675,
        "eval_phase_offset_y": 1.0,
        "eval_phase_offset_x": 1.0,
        "epoch": 40.0
      },
      {
        "train_loss": 7.692844390869141,
        "loss_forget": 7.004007816314697,
        "loss_retain": 0.07228472828865051,
        "loss_oracle": 0.0242425799369812,
        "loss_proto": 0.08720829337835312,
        "loss_final_probe": 0.3515043258666992,
        "loss_token_probe": 0.8728174567222595,
        "loss_sink": 0.16865235567092896,
        "loss_delta_l2": 0.000965367944445461,
        "loss_spectral_l1": 0.004023974295705557,
        "target_forget_prob": 0.02575742080807686,
        "oracle_forget_prob": 1.163769428047523e-10,
        "oracle_contrast_gap": 0.025757420691699916,
        "resurrection_acc": 0.001,
        "resurrection_loss": 6.286786794662476,
        "eval_phase_offset_y": 0.0,
        "eval_phase_offset_x": 0.0,
        "epoch": 50.0
      },
      {
        "train_loss": 8.647847175598145,
        "loss_forget": 7.593738555908203,
        "loss_retain": 0.040812067687511444,
        "loss_oracle": 0.0331617146730423,
        "loss_proto": 0.11205840110778809,
        "loss_final_probe": 0.7565208673477173,
        "loss_token_probe": 0.9761096835136414,
        "loss_sink": 0.1860271394252777,
        "loss_delta_l2": 0.0009668129496276379,
        "loss_spectral_l1": 0.004033273085951805,
        "target_forget_prob": 0.01683828793466091,
        "oracle_forget_prob": 2.4211359583858894e-09,
        "oracle_contrast_gap": 0.016838285513524953,
        "resurrection_acc": 0.001,
        "resurrection_loss": 6.285162568092346,
        "eval_phase_offset_y": 0.0,
        "eval_phase_offset_x": 0.0,
        "epoch": 60.0
      },
      {
        "train_loss": 9.79221248626709,
        "loss_forget": 8.935640335083008,
        "loss_retain": 0.07294793426990509,
        "loss_oracle": 0.035693999379873276,
        "loss_proto": 0.1360744833946228,
        "loss_final_probe": 0.454681932926178,
        "loss_token_probe": 0.924283504486084,
        "loss_sink": 0.19083070755004883,
        "loss_delta_l2": 0.0009710635640658438,
        "loss_spectral_l1": 0.004056645557284355,
        "target_forget_prob": 0.014306006021797657,
        "oracle_forget_prob": 2.9744995355684978e-09,
        "oracle_contrast_gap": 0.014306003047298121,
        "resurrection_acc": 0.001,
        "resurrection_loss": 6.270259261131287,
        "eval_phase_offset_y": 0.0,
        "eval_phase_offset_x": 0.0,
        "epoch": 70.0
      },
      {
        "train_loss": 8.395072937011719,
        "loss_forget": 7.8331193923950195,
        "loss_retain": 0.018617520108819008,