{
  "patch_dir": "checkpoints/tile_attack/tile_resonance_orbit_salun_forget0_10shot_seed_42",
  "patch_seed": 42,
  "patch_info": {
    "artifact_type": "universal_tile",
    "forget_class": 0,
    "attack_config": {
      "image_size": 224,
      "tile_size": 16,
      "phase_jitter": 15,
      "epsilon": 0.031372549,
      "spatial_gain": 12.0,
      "init_scale": 0.001,
      "epochs": 100,
      "lr": 0.05,
      "batch_size": 64,
      "eval_batch_size": 256,
      "target_class": 0,
      "k_shot": 10,
      "lambda_retain": 2.0,
      "T": 1.0,
      "eval_every": 10,
      "oracle_contrast_weight": 1.0,
      "oracle_contrast_margin": 0.05,
      "feature_mode": "harp",
      "forget_objective": "targeted_margin",
      "target_margin": 1.5,
      "forget_aggregation": "max",
      "forget_aggregation_temperature": 12.0,
      "guidance_use_full_forget": true,
      "guidance_batch_size": 256,
      "max_forget_samples": 1024,
      "max_retain_samples": 2048,
      "probe_epochs": 150,
      "probe_lr": 0.01,
      "token_blocks": [
        0,
        5,
        11
      ],
      "prototype_weight": 1.0,
      "final_probe_weight": 1.0,
      "token_probe_weight": 0.1,
      "sink_weight": 0.0,
      "prototype_margin": 0.1,
      "final_probe_margin": 1.0,
      "token_probe_margin": 1.0,
      "delta_l2_weight": 1.0,
      "spectral_l1_weight": 0.02
    },
    "attack_history": [
      {
        "train_loss": 8.121748924255371,
        "loss_forget": 7.657203197479248,
        "loss_retain": 1.671902509770007e-07,
        "loss_oracle": 0.04135328531265259,
        "loss_proto": 0.0822891816496849,
        "loss_final_probe": 0.2610303461551666,
        "loss_token_probe": 0.7987126708030701,
        "loss_sink": 0.16706416010856628,
        "loss_delta_l2": 1.406918244128974e-07,
        "loss_spectral_l1": 2.6374091248726472e-05,
        "target_forget_prob": 0.008646713569760323,
        "oracle_forget_prob": 2.1052480592143041e-10,
        "oracle_contrast_gap": 0.008646713359235517,
        "resurrection_acc": 0.001,
        "resurrection_loss": 6.6009745597839355,
        "epoch": 0.0
      },
      {
        "train_loss": 8.720613479614258,
        "loss_forget": 7.633373260498047,
        "loss_retain": 0.014386702328920364,
        "loss_oracle": 0.038642093539237976,
        "loss_proto": 0.11607655882835388,
        "loss_final_probe": 0.813332200050354,
        "loss_token_probe": 0.8953255414962769,
        "loss_sink": 0.1825481355190277,
        "loss_delta_l2": 0.0008518824470229447,
        "loss_spectral_l1": 0.0015763853443786502,
        "target_forget_prob": 0.011357919313013554,
        "oracle_forget_prob": 1.060465759650242e-08,
        "oracle_contrast_gap": 0.011357908708355957,
        "resurrection_acc": 0.001,
        "resurrection_loss": 6.561553001403809,
        "epoch": 10.0
      },
      {
        "train_loss": 8.391712188720703,
        "loss_forget": 7.66494607925415,
        "loss_retain": 0.032261721789836884,
        "loss_oracle": 0.041094813495874405,
        "loss_proto": 0.08066503703594208,
        "loss_final_probe": 0.4594056308269501,
        "loss_token_probe": 0.8010824918746948,
        "loss_sink": 0.19006040692329407,
        "loss_delta_l2": 0.0009346962906420231,
        "loss_spectral_l1": 0.0017076283693313599,
        "target_forget_prob": 0.008905187249183655,
        "oracle_forget_prob": 9.712091131319767e-10,
        "oracle_contrast_gap": 0.008905186277974542,
        "resurrection_acc": 0.0,
        "resurrection_loss": 6.557600140571594,
        "epoch": 20.0
      },
      {
        "train_loss": 7.6238908767700195,
        "loss_forget": 7.0198564529418945,
        "loss_retain": 0.012126225046813488,
        "loss_oracle": 0.04285331815481186,
        "loss_proto": 0.093311607837677,
        "loss_final_probe": 0.3602045178413391,
        "loss_token_probe": 0.8242253065109253,
        "loss_sink": 0.18346045911312103,
        "loss_delta_l2": 0.0009552497649565339,
        "loss_spectral_l1": 0.0017207780620083213,
        "target_forget_prob": 0.007146691437810659,
        "oracle_forget_prob": 6.2027480929316425e-09,
        "oracle_contrast_gap": 0.0071466852350625665,
        "resurrection_acc": 0.0,
        "resurrection_loss": 6.572561144828796,
        "epoch": 30.0
      },
      {
        "train_loss": 7.9013142585754395,
        "loss_forget": 7.454777717590332,
        "loss_retain": 0.01918039657175541,
        "loss_oracle": 0.04140346124768257,
        "loss_proto": 0.1128663569688797,
        "loss_final_probe": 0.18296225368976593,
        "loss_token_probe": 0.6994518041610718,
        "loss_sink": 0.18941406905651093,
        "loss_delta_l2": 0.0009639997151680291,
        "loss_spectral_l1": 0.0017196564003825188,
        "target_forget_prob": 0.008596554398536682,
        "oracle_forget_prob": 1.5881097326087e-08,
        "oracle_contrast_gap": 0.008596538517439356,
        "resurrection_acc": 0.0,
        "resurrection_loss": 6.568638801574707,
        "epoch": 40.0
      },
      {
        "train_loss": 8.031167984008789,
        "loss_forget": 7.37008810043335,
        "loss_retain": 0.023027997463941574,
        "loss_oracle": 0.04238827899098396,
        "loss_proto": 0.10934273153543472,
        "loss_final_probe": 0.37288564443588257,
        "loss_token_probe": 0.8939914107322693,
        "loss_sink": 0.1651221364736557,
        "loss_delta_l2": 0.0009732311009429395,
        "loss_spectral_l1": 0.0017182533629238605,
        "target_forget_prob": 0.007611720357090235,
        "oracle_forget_prob": 5.57744683771233e-10,
        "oracle_contrast_gap": 0.007611719799345551,
        "resurrection_acc": 0.0,
        "resurrection_loss": 6.573927998542786,
        "epoch": 50.0
      },
      {
        "train_loss": 7.918650150299072,
        "loss_forget": 7.061232089996338,
        "loss_retain": 0.020518140867352486,
        "loss_oracle": 0.043521102517843246,
        "loss_proto": 0.13545209169387817,
        "loss_final_probe": 0.550421953201294,
        "loss_token_probe": 0.8597445487976074,
        "loss_sink": 0.17882877588272095,
        "loss_delta_l2": 0.0009779902175068855,
        "loss_spectral_l1": 0.0017195510445162654,
        "target_forget_prob": 0.006478901486843824,
        "oracle_forget_prob": 4.9232902199491946e-09,
        "oracle_contrast_gap": 0.0064788965635536044,
        "resurrection_acc": 0.0,
        "resurrection_loss": 6.576657772064209,
        "epoch": 60.0
      },
      {
        "train_loss": 7.454380035400391,
        "loss_forget": 7.020489692687988,
        "loss_retain": 0.019543280825018883,
        "loss_oracle": 0.04112336039543152,
        "loss_proto": 0.05931907147169113,
        "loss_final_probe": 0.21781808137893677,
        "loss_token_probe": 0.7553234100341797,
        "loss_sink": 0.17900429666042328,
        "loss_delta_l2": 0.0009766117436811328,
        "loss_spectral_l1": 0.001712531317025423,
        "target_forget_prob": 0.008876639418303967,
        "oracle_forget_prob": 5.499876110093282e-10,
        "oracle_contrast_gap": 0.008876638868316356,
        "resurrection_acc": 0.0,
        "resurrection_loss": 6.574552416801453,
        "epoch": 70.0
      },
      {
        "train_loss": 9.112649917602539,
        "loss_forget": 8.267557144165039,
        "loss_retain": 0.00819600373506546,
        "loss_oracle": 0.0476808100938797,
        "loss_proto": 0.14198248088359833,
        "loss_final_probe": 0.5436109900474548,
        "loss_token_probe": 0.9441442489624023,
        "loss_sink": 0.17615360021591187,
        "loss_delta_l2": 0.000978071941062808,
        "loss_spectral_l1": 0.0017103502759709954,
        "target_forget_prob": 0.0023191911168396473,
        "oracle_forget_prob": 7.139046021009676e-10,
        "oracle_contrast_gap": 0.002319190402935045,
        "resurrection_acc": 0.0,
        "resurrection_loss": 6.571972131729126,