{
  "suite": "vpt_resurrect_kl_forget0_10shot",
  "seed": 42,
  "lambdas": [
    0.0,
    0.1,
    0.5,
    1.0,
    2.0,
    5.0
  ],
  "feature_guide": "linear_probe",
  "feature_guide_weight": 1.0,
  "generated_utc": "2026-03-23T03:54:30.875181Z",
  "results": {
    "0.0": {
      "train_loss": 4.214521884918213,
      "loss_forget": 1.784899353981018,
      "loss_retain": 0.006302477326244116,
      "loss_feature": 2.4296224117279053,
      "feature_probe_score": -2.267242431640625,
      "resurrection_acc": 0.275,
      "resurrection_loss": 2.1150598526000977,
      "epoch": 90.0,
      "restored_best": 1.0,
      "target_test_clean_overall_acc": 0.8618,
      "target_test_clean_forget_acc": 0.127,
      "target_test_clean_retain_acc": 0.9434444444444444,
      "test_clean_overall_acc": 0.866,
      "test_clean_forget_acc": 0.196,
      "test_clean_retain_acc": 0.9404444444444444,
      "test_clean_overall_drop_vs_target": -0.0041999999999999815,
      "test_clean_retain_drop_vs_target": 0.0030000000000000027,
      "test_clean_forget_gain_vs_target": 0.069
    },
    "0.1": {
      "train_loss": 4.215182304382324,
      "loss_forget": 1.7849724292755127,
      "loss_retain": 0.006294307764619589,
      "loss_feature": 2.4295804500579834,
      "feature_probe_score": -2.267179250717163,
      "resurrection_acc": 0.275,
      "resurrection_loss": 2.11517995595932,
      "epoch": 90.0,
      "restored_best": 1.0,
      "target_test_clean_overall_acc": 0.8618,
      "target_test_clean_forget_acc": 0.127,
      "target_test_clean_retain_acc": 0.9434444444444444,
      "test_clean_overall_acc": 0.8661,
      "test_clean_forget_acc": 0.196,
      "test_clean_retain_acc": 0.9405555555555556,
      "test_clean_overall_drop_vs_target": -0.0042999999999999705,
      "test_clean_retain_drop_vs_target": 0.0028888888888888298,
      "test_clean_forget_gain_vs_target": 0.069
    },
    "0.5": {
      "train_loss": 4.220046520233154,
      "loss_forget": 1.7869977951049805,
      "loss_retain": 0.0062644220888614655,
      "loss_feature": 2.4299163818359375,
      "feature_probe_score": -2.2675411701202393,
      "resurrection_acc": 0.274,
      "resurrection_loss": 2.1160293221473694,
      "epoch": 90.0,
      "restored_best": 1.0,
      "target_test_clean_overall_acc": 0.8618,
      "target_test_clean_forget_acc": 0.127,
      "target_test_clean_retain_acc": 0.9434444444444444,
      "test_clean_overall_acc": 0.8661,
      "test_clean_forget_acc": 0.196,
      "test_clean_retain_acc": 0.9405555555555556,
      "test_clean_overall_drop_vs_target": -0.0042999999999999705,
      "test_clean_retain_drop_vs_target": 0.0028888888888888298,
      "test_clean_forget_gain_vs_target": 0.069
    },
    "1.0": {
      "train_loss": 4.220003128051758,
      "loss_forget": 1.7844791412353516,
      "loss_retain": 0.006238534115254879,
      "loss_feature": 2.4292852878570557,
      "feature_probe_score": -2.2668323516845703,
      "resurrection_acc": 0.273,
      "resurrection_loss": 2.1158202290534973,
      "epoch": 90.0,
      "restored_best": 1.0,
      "target_test_clean_overall_acc": 0.8618,
      "target_test_clean_forget_acc": 0.127,
      "target_test_clean_retain_acc": 0.9434444444444444,
      "test_clean_overall_acc": 0.8659,
      "test_clean_forget_acc": 0.196,
      "test_clean_retain_acc": 0.9403333333333334,
      "test_clean_overall_drop_vs_target": -0.0040999999999999925,
      "test_clean_retain_drop_vs_target": 0.0031111111111110645,
      "test_clean_forget_gain_vs_target": 0.069
    },
    "2.0": {
      "train_loss": 4.230544090270996,
      "loss_forget": 1.7887428998947144,
      "loss_retain": 0.006163828074932098,
      "loss_feature": 2.429473638534546,
      "feature_probe_score": -2.266972780227661,
      "resurrection_acc": 0.273,
      "resurrection_loss": 2.118305504322052,
      "epoch": 90.0,
      "restored_best": 1.0,
      "target_test_clean_overall_acc": 0.8618,
      "target_test_clean_forget_acc": 0.127,
      "target_test_clean_retain_acc": 0.9434444444444444,
      "test_clean_overall_acc": 0.8659,
      "test_clean_forget_acc": 0.196,
      "test_clean_retain_acc": 0.9403333333333334,
      "test_clean_overall_drop_vs_target": -0.0040999999999999925,
      "test_clean_retain_drop_vs_target": 0.0031111111111110645,
      "test_clean_forget_gain_vs_target": 0.069
    },
    "5.0": {
      "train_loss": 4.268521785736084,
      "loss_forget": 1.8072617053985596,
      "loss_retain": 0.006006979383528233,
      "loss_feature": 2.431225299835205,
      "feature_probe_score": -2.268812894821167,
      "resurrection_acc": 0.271,
      "resurrection_loss": 2.129693925380707,
      "epoch": 90.0,
      "restored_best": 1.0,
      "target_test_clean_overall_acc": 0.8618,
      "target_test_clean_forget_acc": 0.127,
      "target_test_clean_retain_acc": 0.9434444444444444,
      "test_clean_overall_acc": 0.8655,
      "test_clean_forget_acc": 0.193,
      "test_clean_retain_acc": 0.9402222222222222,
      "test_clean_overall_drop_vs_target": -0.0037000000000000366,
      "test_clean_retain_drop_vs_target": 0.0032222222222222374,
      "test_clean_forget_gain_vs_target": 0.066
    }
  }
}