{
  "suite": "vpt_resurrect_kl_forget0_10shot",
  "seed": 42,
  "lambdas": [
    0.0,
    0.1,
    0.5,
    1.0,
    2.0,
    5.0
  ],
  "feature_guide": "prototype_margin",
  "feature_guide_weight": 1.0,
  "generated_utc": "2026-03-23T04:09:05.154136Z",
  "results": {
    "0.0": {
      "train_loss": 2.3549933433532715,
      "loss_forget": 1.7796329259872437,
      "loss_retain": 0.017482416704297066,
      "loss_feature": 0.5753604173660278,
      "feature_margin": 0.2625661790370941,
      "feature_forget_sim": 0.4918024241924286,
      "feature_nearest_retain_sim": 0.22923623025417328,
      "feature_nearest_retain_label": 1.0,
      "resurrection_acc": 0.237,
      "resurrection_loss": 2.2101070880889893,
      "epoch": 90.0,
      "restored_best": 1.0,
      "target_test_clean_overall_acc": 0.8618,
      "target_test_clean_forget_acc": 0.127,
      "target_test_clean_retain_acc": 0.9434444444444444,
      "test_clean_overall_acc": 0.865,
      "test_clean_forget_acc": 0.178,
      "test_clean_retain_acc": 0.9413333333333334,
      "test_clean_overall_drop_vs_target": -0.0031999999999999806,
      "test_clean_retain_drop_vs_target": 0.0021111111111110636,
      "test_clean_forget_gain_vs_target": 0.05099999999999999
    },
    "0.1": {
      "train_loss": 2.3563284873962402,
      "loss_forget": 1.7792341709136963,
      "loss_retain": 0.017456993460655212,
      "loss_feature": 0.5753485560417175,
      "feature_margin": 0.26259276270866394,
      "feature_forget_sim": 0.49181267619132996,
      "feature_nearest_retain_sim": 0.22921991348266602,
      "feature_nearest_retain_label": 1.0,
      "resurrection_acc": 0.239,
      "resurrection_loss": 2.209799885749817,
      "epoch": 90.0,
      "restored_best": 1.0,
      "target_test_clean_overall_acc": 0.8618,
      "target_test_clean_forget_acc": 0.127,
      "target_test_clean_retain_acc": 0.9434444444444444,
      "test_clean_overall_acc": 0.8651,
      "test_clean_forget_acc": 0.178,
      "test_clean_retain_acc": 0.9414444444444444,
      "test_clean_overall_drop_vs_target": -0.0032999999999999696,
      "test_clean_retain_drop_vs_target": 0.0020000000000000018,
      "test_clean_forget_gain_vs_target": 0.05099999999999999
    },
    "0.5": {
      "train_loss": 2.363590717315674,
      "loss_forget": 1.779531478881836,
      "loss_retain": 0.01739363558590412,
      "loss_feature": 0.5753624439239502,
      "feature_margin": 0.2625630795955658,
      "feature_forget_sim": 0.4918380677700043,
      "feature_nearest_retain_sim": 0.22927498817443848,
      "feature_nearest_retain_label": 1.0,
      "resurrection_acc": 0.238,
      "resurrection_loss": 2.210213005542755,
      "epoch": 90.0,
      "restored_best": 1.0,
      "target_test_clean_overall_acc": 0.8618,
      "target_test_clean_forget_acc": 0.127,
      "target_test_clean_retain_acc": 0.9434444444444444,
      "test_clean_overall_acc": 0.8649,
      "test_clean_forget_acc": 0.177,
      "test_clean_retain_acc": 0.9413333333333334,
      "test_clean_overall_drop_vs_target": -0.0030999999999999917,
      "test_clean_retain_drop_vs_target": 0.0021111111111110636,
      "test_clean_forget_gain_vs_target": 0.04999999999999999
    },
    "1.0": {
      "train_loss": 2.3722431659698486,
      "loss_forget": 1.7796741724014282,
      "loss_retain": 0.0172804594039917,
      "loss_feature": 0.5752884745597839,
      "feature_margin": 0.26273930072784424,
      "feature_forget_sim": 0.49204951524734497,
      "feature_nearest_retain_sim": 0.22931018471717834,
      "feature_nearest_retain_label": 1.0,
      "resurrection_acc": 0.238,
      "resurrection_loss": 2.208937883377075,
      "epoch": 90.0,
      "restored_best": 1.0,
      "target_test_clean_overall_acc": 0.8618,
      "target_test_clean_forget_acc": 0.127,
      "target_test_clean_retain_acc": 0.9434444444444444,
      "test_clean_overall_acc": 0.865,
      "test_clean_forget_acc": 0.178,
      "test_clean_retain_acc": 0.9413333333333334,
      "test_clean_overall_drop_vs_target": -0.0031999999999999806,
      "test_clean_retain_drop_vs_target": 0.0021111111111110636,
      "test_clean_forget_gain_vs_target": 0.05099999999999999
    },
    "2.0": {
      "train_loss": 2.390695333480835,
      "loss_forget": 1.7813987731933594,
      "loss_retain": 0.017046790570020676,
      "loss_feature": 0.5752028822898865,
      "feature_margin": 0.2629489004611969,
      "feature_forget_sim": 0.49210891127586365,
      "feature_nearest_retain_sim": 0.22916007041931152,
      "feature_nearest_retain_label": 1.0,
      "resurrection_acc": 0.237,
      "resurrection_loss": 2.2109822630882263,
      "epoch": 90.0,
      "restored_best": 1.0,
      "target_test_clean_overall_acc": 0.8618,
      "target_test_clean_forget_acc": 0.127,
      "target_test_clean_retain_acc": 0.9434444444444444,
      "test_clean_overall_acc": 0.8647,
      "test_clean_forget_acc": 0.176,
      "test_clean_retain_acc": 0.9412222222222222,
      "test_clean_overall_drop_vs_target": -0.0029000000000000137,
      "test_clean_retain_drop_vs_target": 0.0022222222222222365,
      "test_clean_forget_gain_vs_target": 0.04899999999999999
    },
    "5.0": {
      "train_loss": 2.4494495391845703,
      "loss_forget": 1.7947666645050049,
      "loss_retain": 0.015905365347862244,
      "loss_feature": 0.5751562118530273,
      "feature_margin": 0.2630949914455414,
      "feature_forget_sim": 0.49259668588638306,
      "feature_nearest_retain_sim": 0.22950172424316406,
      "feature_nearest_retain_label": 1.0,
      "resurrection_acc": 0.233,
      "resurrection_loss": 2.227014422416687,
      "epoch": 90.0,
      "restored_best": 1.0,
      "target_test_clean_overall_acc": 0.8618,
      "target_test_clean_forget_acc": 0.127,
      "target_test_clean_retain_acc": 0.9434444444444444,
      "test_clean_overall_acc": 0.8645,
      "test_clean_forget_acc": 0.175,
      "test_clean_retain_acc": 0.9411111111111111,
      "test_clean_overall_drop_vs_target": -0.0027000000000000357,
      "test_clean_retain_drop_vs_target": 0.0023333333333332984,
      "test_clean_forget_gain_vs_target": 0.04799999999999999
    }
  }
}