{
  "suite": "vpt_resurrect_kl_forget0_10shot",
  "seed": 42,
  "lambdas": [
    0.0,
    0.1,
    0.5,
    1.0,
    2.0,
    5.0
  ],
  "generated_utc": "2026-02-02T04:21:09.814268Z",
  "results": {
    "0.0": {
      "train_loss": 2.9749038219451904,
      "loss_forget": 2.9749038219451904,
      "loss_retain": 0.017870407551527023,
      "resurrection_acc": 0.141,
      "resurrection_loss": 2.773783564567566,
      "epoch": 90
    },
    "0.1": {
      "train_loss": 2.97684907913208,
      "loss_forget": 2.975064992904663,
      "loss_retain": 0.017840899527072906,
      "resurrection_acc": 0.141,
      "resurrection_loss": 2.773607015609741,
      "epoch": 90
    },
    "0.5": {
      "train_loss": 2.98557186126709,
      "loss_forget": 2.976682186126709,
      "loss_retain": 0.017779583111405373,
      "resurrection_acc": 0.141,
      "resurrection_loss": 2.7736501693725586,
      "epoch": 90
    },
    "1.0": {
      "train_loss": 2.9963414669036865,
      "loss_forget": 2.978645086288452,
      "loss_retain": 0.017696404829621315,
      "resurrection_acc": 0.142,
      "resurrection_loss": 2.7738340497016907,
      "epoch": 90
    },
    "2.0": {
      "train_loss": 3.0169408321380615,
      "loss_forget": 2.9818973541259766,
      "loss_retain": 0.017521779984235764,
      "resurrection_acc": 0.142,
      "resurrection_loss": 2.7745213508605957,
      "epoch": 90
    },
    "5.0": {
      "train_loss": 3.0873703956604004,
      "loss_forget": 3.0015218257904053,
      "loss_retain": 0.017169734463095665,
      "resurrection_acc": 0.141,
      "resurrection_loss": 2.778952479362488,
      "epoch": 90
    }
  }
}